TimeStamp,Accel_X,Accel_Y,Accel_Z,Gyro_X,Gyro_Y,Gyro_Z
0,-0.02770996,0.9235839,-0.3306884,-1.822948,5.504608,-18.63718
0.003158569,-0.02770996,0.9235839,-0.3306884,-1.822948,5.504608,-18.63718
0.0050354,-0.02770996,0.9235839,-0.3306884,-1.822948,5.504608,-18.63718
0.006828308,-0.02770996,0.9235839,-0.3306884,-1.822948,5.504608,-18.63718
0.00868988,-0.02770996,0.9235839,-0.3306884,-1.822948,5.504608,-18.63718
0.01085663,-0.02770996,0.9235839,-0.3306884,-1.822948,5.504608,-18.63718
0.01261902,-0.02770996,0.9235839,-0.3306884,-1.822948,5.504608,-18.63718
0.01465607,0.005493157,1.005615,-0.3204345,-7.865429,-0.9183884,-16.36362
0.02295685,0.005493157,1.005615,-0.3204345,-7.865429,-0.9183884,-16.36362
0.02506256,0.005493157,1.005615,-0.3204345,-7.865429,-0.9183884,-16.36362
0.02681732,0.005493157,1.005615,-0.3204345,-7.865429,-0.9183884,-16.36362
0.02845764,0.005493157,1.005615,-0.3204345,-7.865429,-0.9183884,-16.36362
0.03029633,0.009887688,0.9592284,-0.366333,-11.90901,-2.306938,-8.261204
0.03198242,0.009887688,0.9592284,-0.366333,-11.90901,-2.306938,-8.261204
0.03368378,0.009887688,0.9592284,-0.366333,-11.90901,-2.306938,-8.261204
0.03559875,0.009887688,0.9592284,-0.366333,-11.90901,-2.306938,-8.261204
0.0371933,0.009887688,0.9592284,-0.366333,-11.90901,-2.306938,-8.261204
0.03872681,0.009887688,0.9592284,-0.366333,-11.90901,-2.306938,-8.261204
0.04058075,0.009887688,0.9592284,-0.366333,-11.90901,-2.306938,-8.261204
0.04223633,0.009887688,0.9592284,-0.366333,-11.90901,-2.306938,-8.261204
0.04372406,0.009887688,0.9592284,-0.366333,-11.90901,-2.306938,-8.261204
0.04556274,0.009887688,0.9592284,-0.366333,-11.90901,-2.306938,-8.261204
0.04736328,0.009887688,0.9592284,-0.366333,-11.90901,-2.306938,-8.261204
0.04908752,0.009887688,0.9592284,-0.366333,-11.90901,-2.306938,-8.261204
0.05054474,0.009887688,0.9592284,-0.366333,-11.90901,-2.306938,-8.261204
0.05224609,0.009887688,0.9592284,-0.366333,-11.90901,-2.306938,-8.261204
0.05368042,0.009887688,0.9592284,-0.366333,-11.90901,-2.306938,-8.261204
0.05551147,0.009887688,0.9592284,-0.366333,-11.90901,-2.306938,-8.261204
0.05699921,0.009887688,0.9592284,-0.366333,-11.90901,-2.306938,-8.261204
0.05866241,0.009887688,0.9592284,-0.366333,-11.90901,-2.306938,-8.261204
0.06075287,-0.006225586,0.9450682,-0.3922119,-4.416943,3.002167,-2.035618
0.06318665,-0.006225586,0.9450682,-0.3922119,-4.416943,3.002167,-2.035618
0.06546783,-0.006225586,0.9450682,-0.3922119,-4.416943,3.002167,-2.035618
0.06776428,-0.006225586,0.9450682,-0.3922119,-4.416943,3.002167,-2.035618
0.06996918,-0.006225586,0.9450682,-0.3922119,-4.416943,3.002167,-2.035618
0.07236481,-0.006225586,0.9450682,-0.3922119,-4.416943,3.002167,-2.035618
0.07552338,-0.01647949,0.9089354,-0.3585205,5.698681,8.052826,-0.2655983
0.07847595,-0.01647949,0.9089354,-0.3585205,5.698681,8.052826,-0.2655983
0.08152771,-0.02087402,0.9733886,-0.3253174,9.025097,11.86752,-1.471043
0.08473206,-0.02087402,0.9733886,-0.3253174,9.025097,11.86752,-1.471043
0.08728027,-0.02087402,0.9733886,-0.3253174,9.025097,11.86752,-1.471043
0.08986664,-0.02087402,0.9733886,-0.3253174,9.025097,11.86752,-1.471043
0.09297943,-0.007202148,1.007568,-0.2945556,2.006054,11.24191,0.4200935
0.09513092,-0.007202148,1.007568,-0.2945556,2.006054,11.24191,0.4200935
0.09729767,-0.007202148,1.007568,-0.2945556,2.006054,11.24191,0.4200935
0.09928894,-0.007202148,1.007568,-0.2945556,2.006054,11.24191,0.4200935
0.1011963,-0.007202148,1.007568,-0.2945556,2.006054,11.24191,0.4200935
0.1033249,-0.007202148,1.007568,-0.2945556,2.006054,11.24191,0.4200935
0.1050034,-0.007202148,1.007568,-0.2945556,2.006054,11.24191,0.4200935
0.1072617,-0.007202148,1.007568,-0.2945556,2.006054,11.24191,0.4200935
0.1094208,-0.007202148,1.007568,-0.2945556,2.006054,11.24191,0.4200935
0.1114426,-0.007202148,1.007568,-0.2945556,2.006054,11.24191,0.4200935
0.1133881,-0.007202148,1.007568,-0.2945556,2.006054,11.24191,0.4200935
0.1151581,-0.007202148,1.007568,-0.2945556,2.006054,11.24191,0.4200935
0.1170425,-0.007202148,1.007568,-0.2945556,2.006054,11.24191,0.4200935
0.1187134,-0.007202148,1.007568,-0.2945556,2.006054,11.24191,0.4200935
0.1206894,-0.007202148,1.007568,-0.2945556,2.006054,11.24191,0.4200935
0.1225967,-0.03210449,0.9636229,-0.3248291,-3.898144,9.105682,5.089283
0.1249008,-0.03210449,0.9636229,-0.3248291,-3.898144,9.105682,5.089283
0.1270142,-0.03210449,0.9636229,-0.3248291,-3.898144,9.105682,5.089283
0.1290588,-0.03210449,0.9636229,-0.3248291,-3.898144,9.105682,5.089283
0.1311264,-0.03210449,0.9636229,-0.3248291,-3.898144,9.105682,5.089283
0.1336899,-0.03210449,0.9636229,-0.3248291,-3.898144,9.105682,5.089283
0.1358337,-0.03210449,0.9636229,-0.3248291,-3.898144,9.105682,5.089283
0.1382217,-0.04968262,0.9265136,-0.3424072,-2.219677,11.37924,6.248951
0.1414032,-0.04968262,0.9265136,-0.3424072,-2.219677,11.37924,6.248951
0.1437073,-0.04968262,0.9265136,-0.3424072,-2.219677,11.37924,6.248951
0.1466522,-0.04968262,0.9265136,-0.3424072,-2.219677,11.37924,6.248951
0.1495819,-0.04968262,0.9265136,-0.3424072,-2.219677,11.37924,6.248951
0.152298,-0.04968262,0.9265136,-0.3424072,-2.219677,11.37924,6.248951
0.155571,-0.07360839,0.9309081,-0.3468017,4.279613,15.49911,2.647877
0.1590042,-0.07360839,0.9309081,-0.3468017,4.279613,15.49911,2.647877
0.1617737,-0.07360839,0.9309081,-0.3468017,4.279613,15.49911,2.647877
0.1643524,-0.07360839,0.9309081,-0.3468017,4.279613,15.49911,2.647877
0.1666641,-0.07360839,0.9309081,-0.3468017,4.279613,15.49911,2.647877
0.1695938,-0.07360839,0.9309081,-0.3468017,4.279613,15.49911,2.647877
0.172226,-0.07360839,0.9309081,-0.3468017,4.279613,15.49911,2.647877
0.1749649,-0.07360839,0.9309081,-0.3468017,4.279613,15.49911,2.647877
0.1772461,-0.07360839,0.9309081,-0.3468017,4.279613,15.49911,2.647877
0.179718,-0.07360839,0.9309081,-0.3468017,4.279613,15.49911,2.647877
0.1820831,-0.07360839,0.9309081,-0.3468017,4.279613,15.49911,2.647877
0.1853561,-0.05358887,0.9924315,-0.3258056,7.438183,14.49203,0.3285408
0.1883469,-0.08044433,1.027099,-0.331665,3.837109,13.83591,-0.2350807
0.1920013,-0.08044433,1.027099,-0.331665,3.837109,13.83591,-0.2350807
0.1950684,-0.08044433,1.027099,-0.331665,3.837109,13.83591,-0.2350807
0.197876,-0.08044433,1.027099,-0.331665,3.837109,13.83591,-0.2350807
0.2012711,-0.08923339,0.9812011,-0.3218994,0.846386,14.33945,-1.333714
0.2034683,-0.08923339,0.9812011,-0.3218994,0.846386,14.33945,-1.333714
0.205452,-0.08923339,0.9812011,-0.3218994,0.846386,14.33945,-1.333714
0.2074203,-0.08923339,0.9812011,-0.3218994,0.846386,14.33945,-1.333714
0.2095795,-0.08923339,0.9812011,-0.3218994,0.846386,14.33945,-1.333714
0.2118835,-0.08923339,0.9812011,-0.3218994,0.846386,14.33945,-1.333714
0.2146225,-0.08923339,0.9812011,-0.3218994,0.846386,14.33945,-1.333714
0.2172852,-0.08923339,0.9812011,-0.3218994,0.846386,14.33945,-1.333714
0.2200089,-0.08923339,0.9812011,-0.3218994,0.846386,14.33945,-1.333714
0.2225571,-0.08923339,0.9812011,-0.3218994,0.846386,14.33945,-1.333714
0.225914,-0.08923339,0.9812011,-0.3218994,0.846386,14.33945,-1.333714
0.2295303,-0.08923339,0.9812011,-0.3218994,0.846386,14.33945,-1.333714
0.2333527,-0.08923339,0.9812011,-0.3218994,0.846386,14.33945,-1.333714
0.2364731,-0.08923339,0.9812011,-0.3218994,0.846386,14.33945,-1.333714
0.2401581,-0.08923339,0.9812011,-0.3218994,0.846386,14.33945,-1.333714
0.2444534,-0.08923339,0.9812011,-0.3218994,0.846386,14.33945,-1.333714
0.2476196,-0.1170654,0.9465331,-0.3360595,3.592968,18.97812,-7.208347
0.2510071,-0.1102295,1.038818,-0.3189697,4.157543,25.11215,-16.83664
0.2545166,-0.1102295,1.038818,-0.3189697,4.157543,25.11215,-16.83664
0.257225,-0.1102295,1.038818,-0.3189697,4.157543,25.11215,-16.83664
0.2606201,-0.1102295,1.038818,-0.3189697,4.157543,25.11215,-16.83664
0.2636719,-0.1102295,1.038818,-0.3189697,4.157543,25.11215,-16.83664
0.2664032,-0.1102295,1.038818,-0.3189697,4.157543,25.11215,-16.83664
0.2689667,-0.1102295,1.038818,-0.3189697,4.157543,25.11215,-16.83664
0.2714691,-0.1102295,1.038818,-0.3189697,4.157543,25.11215,-16.83664
0.2733994,-0.1102295,1.038818,-0.3189697,4.157543,25.11215,-16.83664
0.275383,-0.1102295,1.038818,-0.3189697,4.157543,25.11215,-16.83664
0.2778473,-0.1102295,1.038818,-0.3189697,4.157543,25.11215,-16.83664
0.2799911,-0.1102295,1.038818,-0.3189697,4.157543,25.11215,-16.83664
0.2823486,-0.1102295,1.038818,-0.3189697,4.157543,25.11215,-16.83664
0.2846146,-0.1102295,1.038818,-0.3189697,4.157543,25.11215,-16.83664
0.2867432,-0.1102295,1.038818,-0.3189697,4.157543,25.11215,-16.83664
0.2886505,-0.1102295,1.038818,-0.3189697,4.157543,25.11215,-16.83664
0.2909698,-0.1102295,1.038818,-0.3189697,4.157543,25.11215,-16.83664
0.2936096,-0.1102295,1.038818,-0.3189697,4.157543,25.11215,-16.83664
0.2959671,-0.1102295,1.038818,-0.3189697,4.157543,25.11215,-16.83664
0.298233,-0.1102295,1.038818,-0.3189697,4.157543,25.11215,-16.83664
0.3008728,-0.1102295,1.038818,-0.3189697,4.157543,25.11215,-16.83664
0.3029022,-0.1102295,1.038818,-0.3189697,4.157543,25.11215,-16.83664
0.3051147,-0.1102295,1.038818,-0.3189697,4.157543,25.11215,-16.83664
0.3076019,-0.1077881,1.034424,-0.3170166,6.72102,24.48654,-15.96689
0.3098984,-0.1585693,0.9616698,-0.2989502,9.467602,34.55734,-18.13364
0.3123779,-0.1585693,0.9616698,-0.2989502,9.467602,34.55734,-18.13364
0.3151855,-0.1585693,0.9616698,-0.2989502,9.467602,34.55734,-18.13364
0.3177185,-0.1585693,0.9616698,-0.2989502,9.467602,34.55734,-18.13364
0.320282,-0.1585693,0.9616698,-0.2989502,9.467602,34.55734,-18.13364
0.3229523,-0.1727295,1.000244,-0.2872314,8.368969,38.75351,-19.59848
0.3253632,-0.1727295,1.000244,-0.2872314,8.368969,38.75351,-19.59848
0.3279877,-0.1727295,1.000244,-0.2872314,8.368969,38.75351,-19.59848
0.3307495,-0.1727295,1.000244,-0.2872314,8.368969,38.75351,-19.59848
0.3333969,-0.1727295,1.000244,-0.2872314,8.368969,38.75351,-19.59848
0.335228,-0.1727295,1.000244,-0.2872314,8.368969,38.75351,-19.59848
0.3380661,-0.1727295,1.000244,-0.2872314,8.368969,38.75351,-19.59848
0.3407135,-0.1727295,1.000244,-0.2872314,8.368969,38.75351,-19.59848
0.3434219,-0.1727295,1.000244,-0.2872314,8.368969,38.75351,-19.59848
0.3460846,-0.1727295,1.000244,-0.2872314,8.368969,38.75351,-19.59848
0.3486633,-0.1727295,1.000244,-0.2872314,8.368969,38.75351,-19.59848
0.3509445,-0.1727295,1.000244,-0.2872314,8.368969,38.75351,-19.59848
0.3531494,-0.1727295,1.000244,-0.2872314,8.368969,38.75351,-19.59848
0.3557587,-0.1727295,1.000244,-0.2872314,8.368969,38.75351,-19.59848
0.3586121,-0.1727295,1.000244,-0.2872314,8.368969,38.75351,-19.59848
0.3611908,-0.1727295,1.000244,-0.2872314,8.368969,38.75351,-19.59848
0.3635101,-0.1727295,1.000244,-0.2872314,8.368969,38.75351,-19.59848
0.3660355,-0.1727295,1.000244,-0.2872314,8.368969,38.75351,-19.59848
0.3684006,-0.1829834,0.9719237,-0.2818603,8.948803,47.69516,-19.69004
0.3710327,-0.2161865,0.94458,-0.2950439,11.25288,52.21176,-23.61155
0.3737106,-0.2161865,0.94458,-0.2950439,11.25288,52.21176,-23.61155
0.3766098,-0.2161865,0.94458,-0.2950439,11.25288,52.21176,-23.61155
0.3789215,-0.2161865,0.94458,-0.2950439,11.25288,52.21176,-23.61155
0.3816528,-0.2161865,0.94458,-0.2950439,11.25288,52.21176,-23.61155
0.3843918,-0.2161865,0.94458,-0.2950439,11.25288,52.21176,-23.61155
0.3872299,-0.2161865,0.94458,-0.2950439,11.25288,52.21176,-23.61155
0.3903198,-0.2161865,0.94458,-0.2950439,11.25288,52.21176,-23.61155
0.3935928,-0.2161865,0.94458,-0.2950439,11.25288,52.21176,-23.61155
0.3961487,-0.2161865,0.94458,-0.2950439,11.25288,52.21176,-23.61155
0.3988495,-0.2161865,0.94458,-0.2950439,11.25288,52.21176,-23.61155
0.4022293,-0.2161865,0.94458,-0.2950439,11.25288,52.21176,-23.61155
0.4051132,-0.2161865,0.94458,-0.2950439,11.25288,52.21176,-23.61155
0.4080124,-0.2161865,0.94458,-0.2950439,11.25288,52.21176,-23.61155
0.411171,-0.2161865,0.94458,-0.2950439,11.25288,52.21176,-23.61155
0.4144974,-0.2161865,0.94458,-0.2950439,11.25288,52.21176,-23.61155
0.4180679,-0.2161865,0.94458,-0.2950439,11.25288,52.21176,-23.61155
0.4206543,-0.2161865,0.94458,-0.2950439,11.25288,52.21176,-23.61155
0.4230499,-0.2161865,0.94458,-0.2950439,11.25288,52.21176,-23.61155
0.4257813,-0.2161865,0.94458,-0.2950439,11.25288,52.21176,-23.61155
0.4285431,-0.2161865,0.94458,-0.2950439,11.25288,52.21176,-23.61155
0.4313965,-0.1688232,1.029541,-0.3092041,9.910107,61.97739,-32.66001
0.4348907,-0.1766357,0.9953612,-0.2637939,16.3188,63.07602,-34.35373
0.4378738,-0.1766357,0.9953612,-0.2637939,16.3188,63.07602,-34.35373
0.4404373,-0.1766357,0.9953612,-0.2637939,16.3188,63.07602,-34.35373
0.4428406,-0.1766357,0.9953612,-0.2637939,16.3188,63.07602,-34.35373
0.4445267,-0.1766357,0.9953612,-0.2637939,16.3188,63.07602,-34.35373
0.4465027,-0.1868896,0.9484862,-0.2427978,19.76728,64.72397,-36.24582
0.4490662,-0.1868896,0.9484862,-0.2427978,19.76728,64.72397,-36.24582
0.4514847,-0.1868896,0.9484862,-0.2427978,19.76728,64.72397,-36.24582
0.4539261,-0.1868896,0.9484862,-0.2427978,19.76728,64.72397,-36.24582
0.456871,-0.1868896,0.9484862,-0.2427978,19.76728,64.72397,-36.24582
0.459671,-0.1868896,0.9484862,-0.2427978,19.76728,64.72397,-36.24582
0.4617386,-0.1868896,0.9484862,-0.2427978,19.76728,64.72397,-36.24582
0.4638138,-0.1868896,0.9484862,-0.2427978,19.76728,64.72397,-36.24582
0.4658508,-0.1868896,0.9484862,-0.2427978,19.76728,64.72397,-36.24582
0.4678955,-0.1868896,0.9484862,-0.2427978,19.76728,64.72397,-36.24582
0.4698715,-0.1868896,0.9484862,-0.2427978,19.76728,64.72397,-36.24582
0.4723358,-0.1868896,0.9484862,-0.2427978,19.76728,64.72397,-36.24582
0.4747696,-0.1868896,0.9484862,-0.2427978,19.76728,64.72397,-36.24582
0.4776001,-0.1868896,0.9484862,-0.2427978,19.76728,64.72397,-36.24582
0.4802475,-0.1868896,0.9484862,-0.2427978,19.76728,64.72397,-36.24582
0.4826965,-0.1868896,0.9484862,-0.2427978,19.76728,64.72397,-36.24582
0.4843521,-0.1868896,0.9484862,-0.2427978,19.76728,64.72397,-36.24582
0.4860001,-0.1868896,0.9484862,-0.2427978,19.76728,64.72397,-36.24582
0.4877167,-0.1868896,0.9484862,-0.2427978,19.76728,64.72397,-36.24582
0.4894485,-0.1868896,0.9484862,-0.2427978,19.76728,64.72397,-36.24582
0.4917831,-0.1405029,1.029541,-0.2642822,8.567333,79.54025,-38.45835
0.493866,-0.1258545,1.027588,-0.2545166,4.462719,78.27377,-35.92539
0.4962006,-0.1258545,1.027588,-0.2545166,4.462719,78.27377,-35.92539
0.4982224,-0.1258545,1.027588,-0.2545166,4.462719,78.27377,-35.92539
0.5005188,-0.1258545,1.027588,-0.2545166,4.462719,78.27377,-35.92539
0.502327,-0.1258545,1.027588,-0.2545166,4.462719,78.27377,-35.92539
0.5045853,-0.1258545,1.027588,-0.2545166,4.462719,78.27377,-35.92539
0.506691,-0.1258545,1.027588,-0.2545166,4.462719,78.27377,-35.92539
0.5090942,-0.1258545,1.027588,-0.2545166,4.462719,78.27377,-35.92539
0.5115738,-0.1258545,1.027588,-0.2545166,4.462719,78.27377,-35.92539
0.5134048,-0.1258545,1.027588,-0.2545166,4.462719,78.27377,-35.92539
0.5151825,-0.1258545,1.027588,-0.2545166,4.462719,78.27377,-35.92539
0.5170441,-0.1258545,1.027588,-0.2545166,4.462719,78.27377,-35.92539
0.5188828,-0.1258545,1.027588,-0.2545166,4.462719,78.27377,-35.92539
0.5206604,-0.1258545,1.027588,-0.2545166,4.462719,78.27377,-35.92539
0.5226669,-0.1258545,1.027588,-0.2545166,4.462719,78.27377,-35.92539
0.5258179,-0.1258545,1.027588,-0.2545166,4.462719,78.27377,-35.92539
0.5279694,-0.1258545,1.027588,-0.2545166,4.462719,78.27377,-35.92539
0.5301208,-0.1258545,1.027588,-0.2545166,4.462719,78.27377,-35.92539
0.5322952,-0.1258545,1.027588,-0.2545166,4.462719,78.27377,-35.92539
0.5344925,-0.1258545,1.027588,-0.2545166,4.462719,78.27377,-35.92539
0.5370483,-0.1258545,1.027588,-0.2545166,4.462719,78.27377,-35.92539
0.5391998,-0.1536865,0.9655761,-0.2926025,9.421825,76.33591,-34.93357
0.5417328,-0.1536865,0.9655761,-0.2926025,9.421825,76.33591,-34.93357
0.544075,-0.1536865,0.9655761,-0.2926025,9.421825,76.33591,-34.93357
0.5459976,-0.1536865,0.9655761,-0.2926025,9.421825,76.33591,-34.93357
0.5481339,-0.1536865,0.9655761,-0.2926025,9.421825,76.33591,-34.93357
0.5506516,-0.1536865,0.9655761,-0.2926025,9.421825,76.33591,-34.93357
0.5531387,-0.1712646,0.9362792,-0.3092041,20.92695,83.82797,-36.82566
0.555275,-0.1644287,0.9826659,-0.2633056,25.12312,92.95273,-39.3281
0.5575409,-0.1644287,0.9826659,-0.2633056,25.12312,92.95273,-39.3281
0.5595779,-0.1644287,0.9826659,-0.2633056,25.12312,92.95273,-39.3281
0.561264,-0.1644287,0.9826659,-0.2633056,25.12312,92.95273,-39.3281
0.5629196,-0.1644287,0.9826659,-0.2633056,25.12312,92.95273,-39.3281
0.5649719,-0.1644287,0.9826659,-0.2633056,25.12312,92.95273,-39.3281
0.567009,-0.1644287,0.9826659,-0.2633056,25.12312,92.95273,-39.3281
0.5688248,-0.1419678,0.9978026,-0.2169189,17.72261,98.07968,-39.52646
0.5707321,-0.1419678,0.9978026,-0.2169189,17.72261,98.07968,-39.52646
0.5726624,-0.1419678,0.9978026,-0.2169189,17.72261,98.07968,-39.52646
0.5744247,-0.1419678,0.9978026,-0.2169189,17.72261,98.07968,-39.52646
0.5763397,-0.1419678,0.9978026,-0.2169189,17.72261,98.07968,-39.52646
0.5784531,-0.1419678,0.9978026,-0.2169189,17.72261,98.07968,-39.52646
0.5802002,-0.1419678,0.9978026,-0.2169189,17.72261,98.07968,-39.52646
0.5819321,-0.1419678,0.9978026,-0.2169189,17.72261,98.07968,-39.52646
0.5837631,-0.1419678,0.9978026,-0.2169189,17.72261,98.07968,-39.52646
0.5858459,-0.1419678,0.9978026,-0.2169189,17.72261,98.07968,-39.52646
0.5876465,-0.1419678,0.9978026,-0.2169189,17.72261,98.07968,-39.52646
0.5894089,-0.1419678,0.9978026,-0.2169189,17.72261,98.07968,-39.52646
0.5916214,-0.1419678,0.9978026,-0.2169189,17.72261,98.07968,-39.52646
0.5938492,-0.1419678,0.9978026,-0.2169189,17.72261,98.07968,-39.52646
0.5958099,-0.1419678,0.9978026,-0.2169189,17.72261,98.07968,-39.52646
0.5980606,-0.1419678,0.9978026,-0.2169189,17.72261,98.07968,-39.52646
0.6002731,-0.1243896,0.9675292,-0.1881103,13.41963,96.82846,-38.30576
0.602211,-0.1243896,0.9675292,-0.1881103,13.41963,96.82846,-38.30576
0.6040955,-0.1243896,0.9675292,-0.1881103,13.41963,96.82846,-38.30576
0.6057434,-0.1243896,0.9675292,-0.1881103,13.41963,96.82846,-38.30576
0.6076431,-0.1243896,0.9675292,-0.1881103,13.41963,96.82846,-38.30576
0.6100388,-0.1243896,0.9675292,-0.1881103,13.41963,96.82846,-38.30576
0.6118546,-0.1243896,0.9675292,-0.1881103,13.41963,96.82846,-38.30576
0.6140213,-0.1600342,0.8957518,-0.2271728,13.16023,99.62082,-41.43381
0.6166077,-0.1453857,0.9069823,-0.2452392,17.31062,104.8088,-48.04087
0.6190643,-0.1453857,0.9069823,-0.2452392,17.31062,104.8088,-48.04087
0.6212158,-0.1453857,0.9069823,-0.2452392,17.31062,104.8088,-48.04087
0.6231461,-0.1453857,0.9069823,-0.2452392,17.31062,104.8088,-48.04087
0.6251831,-0.1453857,0.9069823,-0.2452392,17.31062,104.8088,-48.04087
0.6270142,-0.1453857,0.9069823,-0.2452392,17.31062,104.8088,-48.04087
0.6286926,-0.1453857,0.9069823,-0.2452392,17.31062,104.8088,-48.04087
0.6305161,-0.1453857,0.9069823,-0.2452392,17.31062,104.8088,-48.04087
0.6325912,-0.1453857,0.9069823,-0.2452392,17.31062,104.8088,-48.04087
0.6348572,-0.1453857,0.9069823,-0.2452392,17.31062,104.8088,-48.04087
0.6372986,-0.1453857,0.9069823,-0.2452392,17.31062,104.8088,-48.04087
0.6393738,-0.1453857,0.9069823,-0.2452392,17.31062,104.8088,-48.04087
0.6413956,-0.1453857,0.9069823,-0.2452392,17.31062,104.8088,-48.04087
0.6432877,-0.1453857,0.9069823,-0.2452392,17.31062,104.8088,-48.04087
0.6451187,-0.1453857,0.9069823,-0.2452392,17.31062,104.8088,-48.04087
0.6470261,-0.1453857,0.9069823,-0.2452392,17.31062,104.8088,-48.04087
0.6490097,-0.1453857,0.9069823,-0.2452392,17.31062,104.8088,-48.04087
0.6509323,-0.1453857,0.9069823,-0.2452392,17.31062,104.8088,-48.04087
0.6527252,-0.1453857,0.9069823,-0.2452392,17.31062,104.8088,-48.04087
0.6545868,-0.1453857,0.9069823,-0.2452392,17.31062,104.8088,-48.04087
0.6572189,-0.1453857,0.9069823,-0.2452392,17.31062,104.8088,-48.04087
0.6594391,-0.1453857,0.9069823,-0.2452392,17.31062,104.8088,-48.04087
0.6613998,-0.09313964,1.030029,-0.09094238,13.51118,105.4649,-57.53183
0.6633148,-0.09313964,1.030029,-0.09094238,13.51118,105.4649,-57.53183
0.6651459,-0.09313964,1.030029,-0.09094238,13.51118,105.4649,-57.53183
0.666832,-0.09313964,1.030029,-0.09094238,13.51118,105.4649,-57.53183
0.6686249,-0.09313964,1.030029,-0.09094238,13.51118,105.4649,-57.53183
0.6712189,-0.09313964,1.030029,-0.09094238,13.51118,105.4649,-57.53183
0.6734848,-0.09313964,1.030029,-0.09094238,13.51118,105.4649,-57.53183
0.6756821,-0.09313964,1.030029,-0.09094238,13.51118,105.4649,-57.53183
0.6776581,-0.1370849,0.9890136,-0.1265869,0.8769035,99.01047,-54.1749
0.6801834,-0.1370849,0.9890136,-0.1265869,0.8769035,99.01047,-54.1749
0.6825562,-0.1370849,0.9890136,-0.1265869,0.8769035,99.01047,-54.1749
0.6847839,-0.1370849,0.9890136,-0.1265869,0.8769035,99.01047,-54.1749
0.6875305,-0.1370849,0.9890136,-0.1265869,0.8769035,99.01047,-54.1749
0.6898499,-0.1370849,0.9890136,-0.1265869,0.8769035,99.01047,-54.1749
0.692421,-0.1370849,0.9890136,-0.1265869,0.8769035,99.01047,-54.1749
0.6955032,-0.1370849,0.9890136,-0.1265869,0.8769035,99.01047,-54.1749
0.697937,-0.1370849,0.9890136,-0.1265869,0.8769035,99.01047,-54.1749
0.7004242,-0.1370849,0.9890136,-0.1265869,0.8769035,99.01047,-54.1749
0.7024155,-0.1370849,0.9890136,-0.1265869,0.8769035,99.01047,-54.1749
0.7048035,-0.1370849,0.9890136,-0.1265869,0.8769035,99.01047,-54.1749
0.7066803,-0.1370849,0.9890136,-0.1265869,0.8769035,99.01047,-54.1749
0.7087173,-0.1370849,0.9890136,-0.1265869,0.8769035,99.01047,-54.1749
0.7107697,-0.1370849,0.9890136,-0.1265869,0.8769035,99.01047,-54.1749
0.7127533,-0.1370849,0.9890136,-0.1265869,0.8769035,99.01047,-54.1749
0.7145538,-0.1370849,0.9890136,-0.1265869,0.8769035,99.01047,-54.1749
0.7162552,-0.1370849,0.9890136,-0.1265869,0.8769035,99.01047,-54.1749
0.7183685,-0.1370849,0.9890136,-0.1265869,0.8769035,99.01047,-54.1749
0.7201614,-0.1370849,0.9890136,-0.1265869,0.8769035,99.01047,-54.1749
0.7222214,-0.1634521,0.894287,-0.237915,-0.4954338,102.7794,-52.63376
0.7244034,-0.126831,0.9938964,-0.2486572,6.324291,123.2414,-55.62449
0.7264328,-0.126831,0.9938964,-0.2486572,6.324291,123.2414,-55.62449
0.7286453,-0.126831,0.9938964,-0.2486572,6.324291,123.2414,-55.62449
0.731102,-0.126831,0.9938964,-0.2486572,6.324291,123.2414,-55.62449
0.7330856,-0.126831,0.9938964,-0.2486572,6.324291,123.2414,-55.62449
0.7353516,-0.126831,0.9938964,-0.2486572,6.324291,123.2414,-55.62449
0.7377777,-0.08728027,1.037842,-0.1724853,14.85395,132.3662,-52.80161
0.7402954,-0.08728027,1.037842,-0.1724853,14.85395,132.3662,-52.80161
0.7423248,-0.08728027,1.037842,-0.1724853,14.85395,132.3662,-52.80161
0.7444916,-0.08728027,1.037842,-0.1724853,14.85395,132.3662,-52.80161
0.7463531,-0.08728027,1.037842,-0.1724853,14.85395,132.3662,-52.80161
0.748558,-0.08728027,1.037842,-0.1724853,14.85395,132.3662,-52.80161
0.750946,-0.08728027,1.037842,-0.1724853,14.85395,132.3662,-52.80161
0.7536697,-0.05310059,1.08374,-0.09973144,17.81416,131.6643,-47.03379
0.7563477,-0.05310059,1.08374,-0.09973144,17.81416,131.6643,-47.03379
0.7587967,-0.05310059,1.08374,-0.09973144,17.81416,131.6643,-47.03379
0.7606659,-0.05310059,1.08374,-0.09973144,17.81416,131.6643,-47.03379
0.7627411,-0.05310059,1.08374,-0.09973144,17.81416,131.6643,-47.03379
0.764534,-0.05310059,1.08374,-0.09973144,17.81416,131.6643,-47.03379
0.7664261,-0.05310059,1.08374,-0.09973144,17.81416,131.6643,-47.03379
0.7686462,-0.05310059,1.08374,-0.09973144,17.81416,131.6643,-47.03379
0.7707748,-0.05310059,1.08374,-0.09973144,17.81416,131.6643,-47.03379
0.7728958,-0.05310059,1.08374,-0.09973144,17.81416,131.6643,-47.03379
0.7756119,-0.05310059,1.08374,-0.09973144,17.81416,131.6643,-47.03379
0.7784271,-0.05310059,1.08374,-0.09973144,17.81416,131.6643,-47.03379
0.7811203,-0.05310059,1.08374,-0.09973144,17.81416,131.6643,-47.03379
0.783577,-0.05310059,1.08374,-0.09973144,17.81416,131.6643,-47.03379
0.785759,-0.08190917,1.020264,-0.2447509,3.043652,127.9411,-39.08396
0.7876587,-0.08190917,1.020264,-0.2447509,3.043652,127.9411,-39.08396
0.7892456,-0.08190917,1.020264,-0.2447509,3.043652,127.9411,-39.08396
0.7910538,-0.08190917,1.020264,-0.2447509,3.043652,127.9411,-39.08396
0.7928238,-0.08190917,1.020264,-0.2447509,3.043652,127.9411,-39.08396
0.7946167,-0.08190917,1.020264,-0.2447509,3.043652,127.9411,-39.08396
0.7962189,-0.08190917,1.020264,-0.2447509,3.043652,127.9411,-39.08396
0.7977524,-0.08190917,1.020264,-0.2447509,3.043652,127.9411,-39.08396
0.7996674,-0.07263183,1.02417,-0.2589111,6.949902,141.4299,-40.97605
0.8016205,-0.07263183,1.02417,-0.2589111,6.949902,141.4299,-40.97605
0.803215,-0.07263183,1.02417,-0.2589111,6.949902,141.4299,-40.97605
0.8048172,-0.07263183,1.02417,-0.2589111,6.949902,141.4299,-40.97605
0.8062668,-0.07263183,1.02417,-0.2589111,6.949902,141.4299,-40.97605
0.8077698,-0.07263183,1.02417,-0.2589111,6.949902,141.4299,-40.97605
0.8092651,-0.07263183,1.02417,-0.2589111,6.949902,141.4299,-40.97605
0.8107452,-0.07263183,1.02417,-0.2589111,6.949902,141.4299,-40.97605
0.812233,-0.07263183,1.02417,-0.2589111,6.949902,141.4299,-40.97605
0.8136826,-0.07263183,1.02417,-0.2589111,6.949902,141.4299,-40.97605
0.8155136,-0.07263183,1.02417,-0.2589111,6.949902,141.4299,-40.97605
0.8170776,-0.07263183,1.02417,-0.2589111,6.949902,141.4299,-40.97605
0.818573,-0.07263183,1.02417,-0.2589111,6.949902,141.4299,-40.97605
0.8203125,-0.07263183,1.02417,-0.2589111,6.949902,141.4299,-40.97605
0.8220673,-0.07263183,1.02417,-0.2589111,6.949902,141.4299,-40.97605
0.8234634,-0.07263183,1.02417,-0.2589111,6.949902,141.4299,-40.97605
0.8254623,-0.07263183,1.02417,-0.2589111,6.949902,141.4299,-40.97605
0.8274078,-0.07263183,1.02417,-0.2589111,6.949902,141.4299,-40.97605
0.8290024,-0.07263183,1.02417,-0.2589111,6.949902,141.4299,-40.97605
0.830864,-0.07263183,1.02417,-0.2589111,6.949902,141.4299,-40.97605
0.8325195,-0.07263183,1.02417,-0.2589111,6.949902,141.4299,-40.97605
0.8340759,-0.07263183,1.02417,-0.2589111,6.949902,141.4299,-40.97605
0.8356094,-0.07263183,1.02417,-0.2589111,6.949902,141.4299,-40.97605
0.8371353,-0.07263183,1.02417,-0.2589111,6.949902,141.4299,-40.97605
0.8385773,-0.07263183,1.02417,-0.2589111,6.949902,141.4299,-40.97605
0.840477,-0.07263183,1.02417,-0.2589111,6.949902,141.4299,-40.97605
0.8420868,-0.07263183,1.02417,-0.2589111,6.949902,141.4299,-40.97605
0.8435593,-0.07263183,1.02417,-0.2589111,6.949902,141.4299,-40.97605
0.8449631,-0.07263183,1.02417,-0.2589111,6.949902,141.4299,-40.97605
0.8466873,-0.007202148,1.048096,-0.1817627,17.11226,148.0522,-45.70627
0.8486557,-0.01452637,1.00415,-0.09582519,19.76728,139.9803,-57.68442
0.8505936,-0.01452637,1.00415,-0.09582519,19.76728,139.9803,-57.68442
0.8524628,-0.01452637,1.00415,-0.09582519,19.76728,139.9803,-57.68442
0.8538742,-0.01452637,1.00415,-0.09582519,19.76728,139.9803,-57.68442
0.8553314,-0.01452637,1.00415,-0.09582519,19.76728,139.9803,-57.68442
0.8570938,-0.01452637,1.00415,-0.09582519,19.76728,139.9803,-57.68442
0.8586349,-0.01452637,1.00415,-0.09582519,19.76728,139.9803,-57.68442
0.8600693,-0.01452637,1.00415,-0.09582519,19.76728,139.9803,-57.68442
0.861702,0.04699706,1.062256,-0.1534424,9.696484,141.7351,-66.74814
0.8633423,0.04699706,1.062256,-0.1534424,9.696484,141.7351,-66.74814
0.8647766,0.04699706,1.062256,-0.1534424,9.696484,141.7351,-66.74814
0.8662872,0.04699706,1.062256,-0.1534424,9.696484,141.7351,-66.74814
0.8677292,0.04699706,1.062256,-0.1534424,9.696484,141.7351,-66.74814
0.8692398,0.04699706,1.062256,-0.1534424,9.696484,141.7351,-66.74814
0.8707352,0.04699706,1.062256,-0.1534424,9.696484,141.7351,-66.74814
0.8722305,0.04699706,1.062256,-0.1534424,9.696484,141.7351,-66.74814
0.8737183,0.04699706,1.062256,-0.1534424,9.696484,141.7351,-66.74814
0.8753586,0.04699706,1.062256,-0.1534424,9.696484,141.7351,-66.74814
0.8769226,0.04699706,1.062256,-0.1534424,9.696484,141.7351,-66.74814
0.8784027,0.04699706,1.062256,-0.1534424,9.696484,141.7351,-66.74814
0.8798447,0.04699706,1.062256,-0.1534424,9.696484,141.7351,-66.74814
0.8813095,0.04699706,1.062256,-0.1534424,9.696484,141.7351,-66.74814
0.8827744,0.04699706,1.062256,-0.1534424,9.696484,141.7351,-66.74814
0.8841934,0.04699706,1.062256,-0.1534424,9.696484,141.7351,-66.74814
0.8855972,0.04699706,1.062256,-0.1534424,9.696484,141.7351,-66.74814
0.8869858,0.04699706,1.062256,-0.1534424,9.696484,141.7351,-66.74814
0.8884811,0.04699706,1.062256,-0.1534424,9.696484,141.7351,-66.74814
0.889946,0.04699706,1.062256,-0.1534424,9.696484,141.7351,-66.74814
0.89151,0.04699706,1.062256,-0.1534424,9.696484,141.7351,-66.74814
0.8930511,0.04699706,1.062256,-0.1534424,9.696484,141.7351,-66.74814
0.8946457,0.04699706,1.062256,-0.1534424,9.696484,141.7351,-66.74814
0.8960495,0.04699706,1.062256,-0.1534424,9.696484,141.7351,-66.74814
0.8977127,0.04699706,1.062256,-0.1534424,9.696484,141.7351,-66.74814
0.8992386,0.04699706,1.062256,-0.1534424,9.696484,141.7351,-66.74814
0.900795,0.04699706,1.062256,-0.1534424,9.696484,141.7351,-66.74814
0.9022903,0.04699706,1.062256,-0.1534424,9.696484,141.7351,-66.74814
0.903801,0.04699706,1.062256,-0.1534424,9.696484,141.7351,-66.74814
0.9052277,0.04699706,1.062256,-0.1534424,9.696484,141.7351,-66.74814
0.9067764,0.1241455,1.066162,-0.1558838,6.370068,143.5661,-71.06638
0.9085312,0.1348877,1.017822,-0.1187744,11.83271,135.952,-73.15683
0.9101715,0.1348877,1.017822,-0.1187744,11.83271,135.952,-73.15683
0.9117661,0.1348877,1.017822,-0.1187744,11.83271,135.952,-73.15683
0.9132538,0.1348877,1.017822,-0.1187744,11.83271,135.952,-73.15683
0.9147339,0.1348877,1.017822,-0.1187744,11.83271,135.952,-73.15683
0.9160995,0.1348877,1.017822,-0.1187744,11.83271,135.952,-73.15683
0.9175491,0.1348877,1.017822,-0.1187744,11.83271,135.952,-73.15683
0.9192047,0.1348877,1.017822,-0.1187744,11.83271,135.952,-73.15683
0.920929,0.1348877,1.017822,-0.1187744,11.83271,135.952,-73.15683
0.9226532,0.1417236,0.9475096,-0.1422119,18.40925,129.1771,-75.26254
0.9242706,0.1417236,0.9475096,-0.1422119,18.40925,129.1771,-75.26254
0.9258118,0.1417236,0.9475096,-0.1422119,18.40925,129.1771,-75.26254
0.9272919,0.1417236,0.9475096,-0.1422119,18.40925,129.1771,-75.26254
0.9287567,0.1417236,0.9475096,-0.1422119,18.40925,129.1771,-75.26254
0.9305191,0.1417236,0.9475096,-0.1422119,18.40925,129.1771,-75.26254
0.932312,0.1417236,0.9475096,-0.1422119,18.40925,129.1771,-75.26254
0.9339828,0.1417236,0.9475096,-0.1422119,18.40925,129.1771,-75.26254
0.9354019,0.1417236,0.9475096,-0.1422119,18.40925,129.1771,-75.26254
0.9368973,0.1417236,0.9475096,-0.1422119,18.40925,129.1771,-75.26254
0.9385071,0.1417236,0.9475096,-0.1422119,18.40925,129.1771,-75.26254
0.9401703,0.1417236,0.9475096,-0.1422119,18.40925,129.1771,-75.26254
0.9418106,0.1417236,0.9475096,-0.1422119,18.40925,129.1771,-75.26254
0.9433289,0.1417236,0.9475096,-0.1422119,18.40925,129.1771,-75.26254
0.9447479,0.1417236,0.9475096,-0.1422119,18.40925,129.1771,-75.26254
0.9462128,0.1417236,0.9475096,-0.1422119,18.40925,129.1771,-75.26254
0.9480286,0.1417236,0.9475096,-0.1422119,18.40925,129.1771,-75.26254
0.9494934,0.1417236,0.9475096,-0.1422119,18.40925,129.1771,-75.26254
0.9512024,0.1417236,0.9475096,-0.1422119,18.40925,129.1771,-75.26254
0.9526978,0.1417236,0.9475096,-0.1422119,18.40925,129.1771,-75.26254
0.9541626,0.1417236,0.9475096,-0.1422119,18.40925,129.1771,-75.26254
0.9555511,0.1417236,0.9475096,-0.1422119,18.40925,129.1771,-75.26254
0.9570007,0.1417236,0.9475096,-0.1422119,18.40925,129.1771,-75.26254
0.9588165,0.1417236,0.9475096,-0.1422119,18.40925,129.1771,-75.26254
0.9603271,0.1417236,0.9475096,-0.1422119,18.40925,129.1771,-75.26254
0.9619141,0.1417236,0.9475096,-0.1422119,18.40925,129.1771,-75.26254
0.9634094,0.1417236,0.9475096,-0.1422119,18.40925,129.1771,-75.26254
0.9651184,0.1417236,0.9475096,-0.1422119,18.40925,129.1771,-75.26254
0.9668121,0.1417236,0.9475096,-0.1422119,18.40925,129.1771,-75.26254
0.9685211,0.1417236,0.9475096,-0.1422119,18.40925,129.1771,-75.26254
0.9703217,0.1431884,0.97583,-0.09777831,16.70027,127.1324,-77.30722
0.9719391,0.2095947,1.110596,-0.1417236,-11.49702,122.4785,-52.49643
0.9736176,0.2095947,1.110596,-0.1417236,-11.49702,122.4785,-52.49643
0.9752808,0.2095947,1.110596,-0.1417236,-11.49702,122.4785,-52.49643
0.9768982,0.2095947,1.110596,-0.1417236,-11.49702,122.4785,-52.49643
0.9782562,0.2095947,1.110596,-0.1417236,-11.49702,122.4785,-52.49643
0.9796448,0.2095947,1.110596,-0.1417236,-11.49702,122.4785,-52.49643
0.9811401,0.2095947,1.110596,-0.1417236,-11.49702,122.4785,-52.49643
0.9825897,0.2095947,1.110596,-0.1417236,-11.49702,122.4785,-52.49643
0.9840393,0.2095947,1.110596,-0.1417236,-11.49702,122.4785,-52.49643
0.9857788,0.2095947,1.110596,-0.1417236,-11.49702,122.4785,-52.49643
0.9875641,0.2095947,1.110596,-0.1417236,-11.49702,122.4785,-52.49643
0.9889984,0.2095947,1.110596,-0.1417236,-11.49702,122.4785,-52.49643
0.9905243,0.2095947,1.110596,-0.1417236,-11.49702,122.4785,-52.49643
0.9920502,0.2095947,1.110596,-0.1417236,-11.49702,122.4785,-52.49643
0.993454,0.2095947,1.110596,-0.1417236,-11.49702,122.4785,-52.49643
0.9949036,0.2095947,1.110596,-0.1417236,-11.49702,122.4785,-52.49643
0.9963989,0.2095947,1.110596,-0.1417236,-11.49702,122.4785,-52.49643
0.9979248,0.2095947,1.110596,-0.1417236,-11.49702,122.4785,-52.49643
0.9993896,0.2095947,1.110596,-0.1417236,-11.49702,122.4785,-52.49643
1.001312,0.2095947,1.110596,-0.1417236,-11.49702,122.4785,-52.49643
1.002975,0.2095947,1.110596,-0.1417236,-11.49702,122.4785,-52.49643
1.004654,0.2095947,1.110596,-0.1417236,-11.49702,122.4785,-52.49643
1.006241,0.2095947,1.110596,-0.1417236,-11.49702,122.4785,-52.49643
1.007919,0.2095947,1.110596,-0.1417236,-11.49702,122.4785,-52.49643
1.009674,0.2095947,1.110596,-0.1417236,-11.49702,122.4785,-52.49643
1.011444,0.2095947,1.110596,-0.1417236,-11.49702,122.4785,-52.49643
1.013214,0.2095947,1.110596,-0.1417236,-11.49702,122.4785,-52.49643
1.015106,0.2095947,1.110596,-0.1417236,-11.49702,122.4785,-52.49643
1.017258,0.2061767,1.001221,-0.2261963,-7.117748,120.0829,-34.35373
1.019196,0.2061767,1.001221,-0.2261963,-7.117748,120.0829,-34.35373
1.021317,0.2061767,1.001221,-0.2261963,-7.117748,120.0829,-34.35373
1.023392,0.2061767,1.001221,-0.2261963,-7.117748,120.0829,-34.35373
1.025848,0.2061767,1.001221,-0.2261963,-7.117748,120.0829,-34.35373
1.027817,0.2061767,1.001221,-0.2261963,-7.117748,120.0829,-34.35373
1.030014,0.2061767,1.001221,-0.2261963,-7.117748,120.0829,-34.35373
1.032349,0.1890869,0.9396971,-0.3131103,12.2447,131.7406,-30.32541
1.034515,0.1929931,1.005615,-0.1900634,25.64192,138.6833,-33.45346
1.036499,0.2286377,1.106689,-0.09094238,21.14058,130.0926,-33.01096
1.038223,0.2286377,1.106689,-0.09094238,21.14058,130.0926,-33.01096
1.039719,0.2286377,1.106689,-0.09094238,21.14058,130.0926,-33.01096
1.04129,0.2286377,1.106689,-0.09094238,21.14058,130.0926,-33.01096
1.042801,0.2286377,1.106689,-0.09094238,21.14058,130.0926,-33.01096
1.044235,0.2286377,1.106689,-0.09094238,21.14058,130.0926,-33.01096
1.045654,0.2286377,1.106689,-0.09094238,21.14058,130.0926,-33.01096
1.047134,0.2286377,1.106689,-0.09094238,21.14058,130.0926,-33.01096
1.048813,0.2286377,1.106689,-0.09094238,21.14058,130.0926,-33.01096
1.050552,0.2286377,1.106689,-0.09094238,21.14058,130.0926,-33.01096
1.052689,0.2286377,1.106689,-0.09094238,21.14058,130.0926,-33.01096
1.054642,0.2286377,1.106689,-0.09094238,21.14058,130.0926,-33.01096
1.056473,0.2286377,1.106689,-0.09094238,21.14058,130.0926,-33.01096
1.058334,0.2286377,1.106689,-0.09094238,21.14058,130.0926,-33.01096
1.060486,0.2286377,1.106689,-0.09094238,21.14058,130.0926,-33.01096
1.062469,0.2286377,1.106689,-0.09094238,21.14058,130.0926,-33.01096
1.064285,0.2286377,1.106689,-0.09094238,21.14058,130.0926,-33.01096
1.06601,0.2286377,1.106689,-0.09094238,21.14058,130.0926,-33.01096
1.067688,0.2286377,1.106689,-0.09094238,21.14058,130.0926,-33.01096
1.069717,0.2286377,1.106689,-0.09094238,21.14058,130.0926,-33.01096
1.071594,0.2286377,1.106689,-0.09094238,21.14058,130.0926,-33.01096
1.07338,0.2286377,1.106689,-0.09094238,21.14058,130.0926,-33.01096
1.075287,0.2286377,1.106689,-0.09094238,21.14058,130.0926,-33.01096
1.077057,0.2286377,1.106689,-0.09094238,21.14058,130.0926,-33.01096
1.079025,0.1866455,1.035889,-0.07287597,4.233837,115.5663,-25.9614
1.080887,0.1436767,0.9138182,-0.1881103,-2.753735,111.9347,-26.96848
1.082718,0.1436767,0.9138182,-0.1881103,-2.753735,111.9347,-26.96848
1.084503,0.1436767,0.9138182,-0.1881103,-2.753735,111.9347,-26.96848
1.086075,0.1436767,0.9138182,-0.1881103,-2.753735,111.9347,-26.96848
1.087692,0.1436767,0.9138182,-0.1881103,-2.753735,111.9347,-26.96848
1.089371,0.1436767,0.9138182,-0.1881103,-2.753735,111.9347,-26.96848
1.091385,0.1436767,0.9138182,-0.1881103,-2.753735,111.9347,-26.96848
1.093369,0.1436767,0.9138182,-0.1881103,-2.753735,111.9347,-26.96848
1.095108,0.1729736,0.9401854,-0.2896728,8.262157,122.921,-41.08286
1.096924,0.1729736,0.9401854,-0.2896728,8.262157,122.921,-41.08286
1.098602,0.1729736,0.9401854,-0.2896728,8.262157,122.921,-41.08286
1.100342,0.1729736,0.9401854,-0.2896728,8.262157,122.921,-41.08286
1.101883,0.1729736,0.9401854,-0.2896728,8.262157,122.921,-41.08286
1.103409,0.1729736,0.9401854,-0.2896728,8.262157,122.921,-41.08286
1.104889,0.1729736,0.9401854,-0.2896728,8.262157,122.921,-41.08286
1.106339,0.1729736,0.9401854,-0.2896728,8.262157,122.921,-41.08286
1.108261,0.1729736,0.9401854,-0.2896728,8.262157,122.921,-41.08286
1.10994,0.1729736,0.9401854,-0.2896728,8.262157,122.921,-41.08286
1.111511,0.1729736,0.9401854,-0.2896728,8.262157,122.921,-41.08286
1.113235,0.1729736,0.9401854,-0.2896728,8.262157,122.921,-41.08286
1.114639,0.1729736,0.9401854,-0.2896728,8.262157,122.921,-41.08286
1.116364,0.1729736,0.9401854,-0.2896728,8.262157,122.921,-41.08286
1.118042,0.1729736,0.9401854,-0.2896728,8.262157,122.921,-41.08286
1.119705,0.1729736,0.9401854,-0.2896728,8.262157,122.921,-41.08286
1.121399,0.1729736,0.9401854,-0.2896728,8.262157,122.921,-41.08286
1.123108,0.1729736,0.9401854,-0.2896728,8.262157,122.921,-41.08286
1.124954,0.1729736,0.9401854,-0.2896728,8.262157,122.921,-41.08286
1.126923,0.1729736,0.9401854,-0.2896728,8.262157,122.921,-41.08286
1.128693,0.1729736,0.9401854,-0.2896728,8.262157,122.921,-41.08286
1.130295,0.1729736,0.9401854,-0.2896728,8.262157,122.921,-41.08286
1.13176,0.1729736,0.9401854,-0.2896728,8.262157,122.921,-41.08286
1.13324,0.1729736,0.9401854,-0.2896728,8.262157,122.921,-41.08286
1.134735,0.1729736,0.9401854,-0.2896728,8.262157,122.921,-41.08286
1.136459,0.1729736,0.9401854,-0.2896728,8.262157,122.921,-41.08286
1.137878,0.1729736,0.9401854,-0.2896728,8.262157,122.921,-41.08286
1.139572,0.1729736,0.9401854,-0.2896728,8.262157,122.921,-41.08286
1.141418,0.2301025,1.005615,-0.2052002,22.30024,123.867,-54.84629
1.1436,0.2633056,1.051514,-0.1324463,25.21467,107.6927,-60.18686
1.145401,0.2633056,1.051514,-0.1324463,25.21467,107.6927,-60.18686
1.147308,0.2633056,1.051514,-0.1324463,25.21467,107.6927,-60.18686
1.148926,0.2633056,1.051514,-0.1324463,25.21467,107.6927,-60.18686
1.150543,0.2633056,1.051514,-0.1324463,25.21467,107.6927,-60.18686
1.152267,0.2633056,1.051514,-0.1324463,25.21467,107.6927,-60.18686
1.153641,0.2633056,1.051514,-0.1324463,25.21467,107.6927,-60.18686
1.155029,0.2633056,1.051514,-0.1324463,25.21467,107.6927,-60.18686
1.15654,0.2315674,0.9665526,-0.1343994,13.67903,93.2579,-55.80759
1.1586,0.2315674,0.9665526,-0.1343994,13.67903,93.2579,-55.80759
1.160156,0.2315674,0.9665526,-0.1343994,13.67903,93.2579,-55.80759
1.161682,0.2315674,0.9665526,-0.1343994,13.67903,93.2579,-55.80759
1.163132,0.2315674,0.9665526,-0.1343994,13.67903,93.2579,-55.80759
1.164612,0.2315674,0.9665526,-0.1343994,13.67903,93.2579,-55.80759
1.16629,0.2315674,0.9665526,-0.1343994,13.67903,93.2579,-55.80759
1.167984,0.2315674,0.9665526,-0.1343994,13.67903,93.2579,-55.80759
1.169617,0.2315674,0.9665526,-0.1343994,13.67903,93.2579,-55.80759
1.171082,0.2315674,0.9665526,-0.1343994,13.67903,93.2579,-55.80759
1.172714,0.2017822,0.8835448,-0.2364502,2.4333,98.40012,-56.76889
1.174316,0.2017822,0.8835448,-0.2364502,2.4333,98.40012,-56.76889
1.175842,0.2017822,0.8835448,-0.2364502,2.4333,98.40012,-56.76889
1.177322,0.2017822,0.8835448,-0.2364502,2.4333,98.40012,-56.76889
1.178711,0.2017822,0.8835448,-0.2364502,2.4333,98.40012,-56.76889
1.180084,0.2017822,0.8835448,-0.2364502,2.4333,98.40012,-56.76889
1.181564,0.2017822,0.8835448,-0.2364502,2.4333,98.40012,-56.76889
1.183289,0.2017822,0.8835448,-0.2364502,2.4333,98.40012,-56.76889
1.184708,0.2017822,0.8835448,-0.2364502,2.4333,98.40012,-56.76889
1.186172,0.2017822,0.8835448,-0.2364502,2.4333,98.40012,-56.76889
1.18779,0.2017822,0.8835448,-0.2364502,2.4333,98.40012,-56.76889
1.189606,0.2017822,0.8835448,-0.2364502,2.4333,98.40012,-56.76889
1.191193,0.2017822,0.8835448,-0.2364502,2.4333,98.40012,-56.76889
1.192795,0.2017822,0.8835448,-0.2364502,2.4333,98.40012,-56.76889
1.194366,0.2017822,0.8835448,-0.2364502,2.4333,98.40012,-56.76889
1.195908,0.2017822,0.8835448,-0.2364502,2.4333,98.40012,-56.76889
1.197754,0.2017822,0.8835448,-0.2364502,2.4333,98.40012,-56.76889
1.199524,0.2017822,0.8835448,-0.2364502,2.4333,98.40012,-56.76889
1.201309,0.2017822,0.8835448,-0.2364502,2.4333,98.40012,-56.76889
1.20282,0.2017822,0.8835448,-0.2364502,2.4333,98.40012,-56.76889
1.205154,0.2388916,1.000244,-0.2432861,1.258373,106.6246,-58.11167
1.207443,0.2603759,0.9675292,-0.2252197,7.117748,101.8333,-53.64084
1.209747,0.2603759,0.9675292,-0.2252197,7.117748,101.8333,-53.64084
1.21199,0.2603759,0.9675292,-0.2252197,7.117748,101.8333,-53.64084
1.214279,0.2603759,0.9675292,-0.2252197,7.117748,101.8333,-53.64084
1.216721,0.2603759,0.9675292,-0.2252197,7.117748,101.8333,-53.64084
1.218811,0.2545166,0.9191893,-0.166626,19.05012,87.97836,-46.05722
1.22142,0.2545166,0.9191893,-0.166626,19.05012,87.97836,-46.05722
1.223938,0.2545166,0.9191893,-0.166626,19.05012,87.97836,-46.05722
1.22583,0.2545166,0.9191893,-0.166626,19.05012,87.97836,-46.05722
1.227768,0.2545166,0.9191893,-0.166626,19.05012,87.97836,-46.05722
1.229599,0.2545166,0.9191893,-0.166626,19.05012,87.97836,-46.05722
1.231476,0.2545166,0.9191893,-0.166626,19.05012,87.97836,-46.05722
1.233719,0.2545166,0.9191893,-0.166626,19.05012,87.97836,-46.05722
1.235825,0.2545166,0.9191893,-0.166626,19.05012,87.97836,-46.05722
1.237778,0.2545166,0.9191893,-0.166626,19.05012,87.97836,-46.05722
1.239853,0.2545166,0.9191893,-0.166626,19.05012,87.97836,-46.05722
1.24231,0.2545166,0.9191893,-0.166626,19.05012,87.97836,-46.05722
1.244583,0.2545166,0.9191893,-0.166626,19.05012,87.97836,-46.05722
1.246521,0.2545166,0.9191893,-0.166626,19.05012,87.97836,-46.05722
1.248444,0.2545166,0.9191893,-0.166626,19.05012,87.97836,-46.05722
1.250641,0.2545166,0.9191893,-0.166626,19.05012,87.97836,-46.05722
1.252411,0.2545166,0.9191893,-0.166626,19.05012,87.97836,-46.05722
1.254013,0.2545166,0.9191893,-0.166626,19.05012,87.97836,-46.05722
1.255524,0.2545166,0.9191893,-0.166626,19.05012,87.97836,-46.05722
1.257141,0.2545166,0.9191893,-0.166626,19.05012,87.97836,-46.05722
1.25885,0.2545166,0.9191893,-0.166626,19.05012,87.97836,-46.05722
1.260437,0.2545166,0.9191893,-0.166626,19.05012,87.97836,-46.05722
1.261978,0.2545166,0.9191893,-0.166626,19.05012,87.97836,-46.05722
1.263428,0.2545166,0.9191893,-0.166626,19.05012,87.97836,-46.05722
1.264923,0.2545166,0.9191893,-0.166626,19.05012,87.97836,-46.05722
1.266556,0.2457275,0.8957518,-0.2652588,7.499218,85.20126,-35.0709
1.268173,0.2598877,1.061279,-0.3238525,-2.55537,102.7641,-3.790379
1.269775,0.2598877,1.061279,-0.3238525,-2.55537,102.7641,-3.790379
1.271378,0.2598877,1.061279,-0.3238525,-2.55537,102.7641,-3.790379
1.272919,0.2598877,1.061279,-0.3238525,-2.55537,102.7641,-3.790379
1.274673,0.2598877,1.061279,-0.3238525,-2.55537,102.7641,-3.790379
1.276291,0.2598877,1.061279,-0.3238525,-2.55537,102.7641,-3.790379
1.277771,0.2598877,1.061279,-0.3238525,-2.55537,102.7641,-3.790379
1.279236,0.2598877,1.061279,-0.3238525,-2.55537,102.7641,-3.790379
1.281235,0.2178955,0.9343261,-0.2584228,10.64253,102.5352,-3.286839
1.283218,0.2178955,0.9343261,-0.2584228,10.64253,102.5352,-3.286839
1.285217,0.2178955,0.9343261,-0.2584228,10.64253,102.5352,-3.286839
1.286835,0.2178955,0.9343261,-0.2584228,10.64253,102.5352,-3.286839
1.288437,0.2178955,0.9343261,-0.2584228,10.64253,102.5352,-3.286839
1.289978,0.2178955,0.9343261,-0.2584228,10.64253,102.5352,-3.286839
1.291794,0.2178955,0.9343261,-0.2584228,10.64253,102.5352,-3.286839
1.293442,0.2178955,0.9343261,-0.2584228,10.64253,102.5352,-3.286839
1.295303,0.2178955,0.9343261,-0.2584228,10.64253,102.5352,-3.286839
1.296921,0.2178955,0.9343261,-0.2584228,10.64253,102.5352,-3.286839
1.298508,0.2178955,0.9343261,-0.2584228,10.64253,102.5352,-3.286839
1.30011,0.2178955,0.9343261,-0.2584228,10.64253,102.5352,-3.286839
1.302048,0.2178955,0.9343261,-0.2584228,10.64253,102.5352,-3.286839
1.30368,0.2178955,0.9343261,-0.2584228,10.64253,102.5352,-3.286839
1.305206,0.2178955,0.9343261,-0.2584228,10.64253,102.5352,-3.286839
1.307175,0.2178955,0.9343261,-0.2584228,10.64253,102.5352,-3.286839
1.309204,0.2178955,0.9343261,-0.2584228,10.64253,102.5352,-3.286839
1.310806,0.2178955,0.9343261,-0.2584228,10.64253,102.5352,-3.286839
1.312393,0.2178955,0.9343261,-0.2584228,10.64253,102.5352,-3.286839
1.314011,0.2178955,0.9343261,-0.2584228,10.64253,102.5352,-3.286839
1.315445,0.2178955,0.9343261,-0.2584228,10.64253,102.5352,-3.286839
1.31694,0.2178955,0.9343261,-0.2584228,10.64253,102.5352,-3.286839
1.31868,0.2178955,0.9343261,-0.2584228,10.64253,102.5352,-3.286839
1.320099,0.2178955,0.9343261,-0.2584228,10.64253,102.5352,-3.286839
1.321625,0.2178955,0.9343261,-0.2584228,10.64253,102.5352,-3.286839
1.323318,0.2178955,0.9343261,-0.2584228,10.64253,102.5352,-3.286839
1.325195,0.2178955,0.9343261,-0.2584228,10.64253,102.5352,-3.286839
1.327057,0.194458,0.9113768,-0.2388916,27.53401,96.6301,-11.72495
1.328781,0.1832275,0.8937987,-0.2696533,19.95039,97.13364,-24.83225
1.330536,0.1832275,0.8937987,-0.2696533,19.95039,97.13364,-24.83225
1.332367,0.1832275,0.8937987,-0.2696533,19.95039,97.13364,-24.83225
1.333817,0.1832275,0.8937987,-0.2696533,19.95039,97.13364,-24.83225
1.335342,0.1832275,0.8937987,-0.2696533,19.95039,97.13364,-24.83225
1.337143,0.1832275,0.8937987,-0.2696533,19.95039,97.13364,-24.83225
1.338745,0.1832275,0.8937987,-0.2696533,19.95039,97.13364,-24.83225
1.34024,0.1832275,0.8937987,-0.2696533,19.95039,97.13364,-24.83225
1.342346,0.241333,1.047119,-0.2706299,7.087231,90.31296,-35.45237
1.344543,0.241333,1.047119,-0.2706299,7.087231,90.31296,-35.45237
1.346344,0.241333,1.047119,-0.2706299,7.087231,90.31296,-35.45237
1.347931,0.241333,1.047119,-0.2706299,7.087231,90.31296,-35.45237
1.34935,0.241333,1.047119,-0.2706299,7.087231,90.31296,-35.45237
1.350891,0.241333,1.047119,-0.2706299,7.087231,90.31296,-35.45237
1.35231,0.241333,1.047119,-0.2706299,7.087231,90.31296,-35.45237
1.353729,0.241333,1.047119,-0.2706299,7.087231,90.31296,-35.45237
1.355209,0.241333,1.047119,-0.2706299,7.087231,90.31296,-35.45237
1.356735,0.241333,1.047119,-0.2706299,7.087231,90.31296,-35.45237
1.358368,0.241333,1.047119,-0.2706299,7.087231,90.31296,-35.45237
1.359863,0.241333,1.047119,-0.2706299,7.087231,90.31296,-35.45237
1.361404,0.241333,1.047119,-0.2706299,7.087231,90.31296,-35.45237
1.362976,0.241333,1.047119,-0.2706299,7.087231,90.31296,-35.45237
1.364792,0.241333,1.047119,-0.2706299,7.087231,90.31296,-35.45237
1.366501,0.241333,1.047119,-0.2706299,7.087231,90.31296,-35.45237
1.367966,0.241333,1.047119,-0.2706299,7.087231,90.31296,-35.45237
1.36969,0.241333,1.047119,-0.2706299,7.087231,90.31296,-35.45237
1.37114,0.241333,1.047119,-0.2706299,7.087231,90.31296,-35.45237
1.372894,0.241333,1.047119,-0.2706299,7.087231,90.31296,-35.45237
1.374634,0.241333,1.047119,-0.2706299,7.087231,90.31296,-35.45237
1.376114,0.241333,1.047119,-0.2706299,7.087231,90.31296,-35.45237
1.377686,0.241333,1.047119,-0.2706299,7.087231,90.31296,-35.45237
1.379547,0.241333,1.047119,-0.2706299,7.087231,90.31296,-35.45237
1.381027,0.241333,1.047119,-0.2706299,7.087231,90.31296,-35.45237
1.382568,0.241333,1.047119,-0.2706299,7.087231,90.31296,-35.45237
1.384018,0.241333,1.047119,-0.2706299,7.087231,90.31296,-35.45237
1.385483,0.241333,1.047119,-0.2706299,7.087231,90.31296,-35.45237
1.386932,0.241333,1.047119,-0.2706299,7.087231,90.31296,-35.45237
1.388672,0.241333,1.047119,-0.2706299,7.087231,90.31296,-35.45237
1.390656,0.3150634,1.01831,-0.2823486,1.243114,83.7822,-33.78916
1.392685,0.2618408,0.7844237,-0.300415,13.61799,72.4144,-34.01804
1.394531,0.2618408,0.7844237,-0.300415,13.61799,72.4144,-34.01804
1.396179,0.2618408,0.7844237,-0.300415,13.61799,72.4144,-34.01804
1.397934,0.2618408,0.7844237,-0.300415,13.61799,72.4144,-34.01804
1.399567,0.2618408,0.7844237,-0.300415,13.61799,72.4144,-34.01804
1.401535,0.2618408,0.7844237,-0.300415,13.61799,72.4144,-34.01804
1.403275,0.2618408,0.7844237,-0.300415,13.61799,72.4144,-34.01804
1.405273,0.2618408,0.7844237,-0.300415,13.61799,72.4144,-34.01804
1.407349,0.2618408,0.7844237,-0.300415,13.61799,72.4144,-34.01804
1.409531,0.2618408,0.7844237,-0.300415,13.61799,72.4144,-34.01804
1.411591,0.2618408,0.7844237,-0.300415,13.61799,72.4144,-34.01804
1.41304,0.2618408,0.7844237,-0.300415,13.61799,72.4144,-34.01804
1.414536,0.2618408,0.7844237,-0.300415,13.61799,72.4144,-34.01804
1.416367,0.2618408,0.7844237,-0.300415,13.61799,72.4144,-34.01804
1.418137,0.2618408,0.7844237,-0.300415,13.61799,72.4144,-34.01804
1.419571,0.2618408,0.7844237,-0.300415,13.61799,72.4144,-34.01804
1.421143,0.2618408,0.7844237,-0.300415,13.61799,72.4144,-34.01804
1.422607,0.2618408,0.7844237,-0.300415,13.61799,72.4144,-34.01804
1.424347,0.2618408,0.7844237,-0.300415,13.61799,72.4144,-34.01804
1.425949,0.2618408,0.7844237,-0.300415,13.61799,72.4144,-34.01804
1.427689,0.2618408,0.7844237,-0.300415,13.61799,72.4144,-34.01804
1.429199,0.2618408,0.7844237,-0.300415,13.61799,72.4144,-34.01804
1.43071,0.2618408,0.7844237,-0.300415,13.61799,72.4144,-34.01804
1.432358,0.2618408,0.7844237,-0.300415,13.61799,72.4144,-34.01804
1.433823,0.2618408,0.7844237,-0.300415,13.61799,72.4144,-34.01804
1.435379,0.2589111,0.8967284,-0.3062744,7.895947,77.1904,-29.47092
1.437088,0.2589111,0.8967284,-0.3062744,7.895947,77.1904,-29.47092
1.438766,0.2589111,0.8967284,-0.3062744,7.895947,77.1904,-29.47092
1.440353,0.2589111,0.8967284,-0.3062744,7.895947,77.1904,-29.47092
1.442276,0.2589111,0.8967284,-0.3062744,7.895947,77.1904,-29.47092
1.444122,0.2589111,0.8967284,-0.3062744,7.895947,77.1904,-29.47092
1.445908,0.2589111,0.8967284,-0.3062744,7.895947,77.1904,-29.47092
1.447601,0.2589111,0.8967284,-0.3062744,7.895947,77.1904,-29.47092
1.449158,0.2589111,0.8967284,-0.3062744,7.895947,77.1904,-29.47092
1.450699,0.2589111,0.8967284,-0.3062744,7.895947,77.1904,-29.47092
1.452423,0.2457275,0.9079589,-0.2696533,6.583691,76.931,-8.596897
1.454071,0.2457275,0.9079589,-0.2696533,6.583691,76.931,-8.596897
1.455658,0.2457275,0.9079589,-0.2696533,6.583691,76.931,-8.596897
1.45723,0.2457275,0.9079589,-0.2696533,6.583691,76.931,-8.596897
1.458862,0.2457275,0.9079589,-0.2696533,6.583691,76.931,-8.596897
1.460342,0.2457275,0.9079589,-0.2696533,6.583691,76.931,-8.596897
1.461868,0.2457275,0.9079589,-0.2696533,6.583691,76.931,-8.596897
1.463364,0.2457275,0.9079589,-0.2696533,6.583691,76.931,-8.596897
1.464767,0.2457275,0.9079589,-0.2696533,6.583691,76.931,-8.596897
1.466187,0.2457275,0.9079589,-0.2696533,6.583691,76.931,-8.596897
1.467865,0.1817627,0.7199706,-0.2760009,12.321,76.71738,-16.62302
1.469467,0.1817627,0.7199706,-0.2760009,12.321,76.71738,-16.62302
1.471024,0.1817627,0.7199706,-0.2760009,12.321,76.71738,-16.62302
1.472412,0.1817627,0.7199706,-0.2760009,12.321,76.71738,-16.62302
1.473877,0.1817627,0.7199706,-0.2760009,12.321,76.71738,-16.62302
1.475388,0.1817627,0.7199706,-0.2760009,12.321,76.71738,-16.62302
1.476929,0.1817627,0.7199706,-0.2760009,12.321,76.71738,-16.62302
1.478348,0.1817627,0.7199706,-0.2760009,12.321,76.71738,-16.62302
1.479782,0.1817627,0.7199706,-0.2760009,12.321,76.71738,-16.62302
1.481323,0.1817627,0.7199706,-0.2760009,12.321,76.71738,-16.62302
1.482925,0.1817627,0.7199706,-0.2760009,12.321,76.71738,-16.62302
1.484482,0.1817627,0.7199706,-0.2760009,12.321,76.71738,-16.62302
1.485947,0.1817627,0.7199706,-0.2760009,12.321,76.71738,-16.62302
1.487473,0.1817627,0.7199706,-0.2760009,12.321,76.71738,-16.62302
1.488983,0.1817627,0.7199706,-0.2760009,12.321,76.71738,-16.62302
1.490829,0.1817627,0.7199706,-0.2760009,12.321,76.71738,-16.62302
1.492783,0.1817627,0.7199706,-0.2760009,12.321,76.71738,-16.62302
1.494263,0.1817627,0.7199706,-0.2760009,12.321,76.71738,-16.62302
1.496063,0.1817627,0.7199706,-0.2760009,12.321,76.71738,-16.62302
1.497864,0.1817627,0.7199706,-0.2760009,12.321,76.71738,-16.62302
1.499527,0.1807861,0.7785643,-0.3468017,8.063793,79.23508,-30.67636
1.501099,0.1807861,0.7785643,-0.3468017,8.063793,79.23508,-30.67636
1.502579,0.1807861,0.7785643,-0.3468017,8.063793,79.23508,-30.67636
1.504135,0.1807861,0.7785643,-0.3468017,8.063793,79.23508,-30.67636
1.505585,0.1807861,0.7785643,-0.3468017,8.063793,79.23508,-30.67636
1.507401,0.1807861,0.7785643,-0.3468017,8.063793,79.23508,-30.67636
1.509003,0.1807861,0.7785643,-0.3468017,8.063793,79.23508,-30.67636
1.510818,0.1807861,0.7785643,-0.3468017,8.063793,79.23508,-30.67636
1.512589,0.1807861,0.7785643,-0.3468017,8.063793,79.23508,-30.67636
1.514099,0.2794189,1.00708,-0.3331299,1.792431,76.13754,-30.49326
1.515793,0.3218994,0.9714354,-0.3492431,-5.179882,73.58932,-15.96689
1.517334,0.3218994,0.9714354,-0.3492431,-5.179882,73.58932,-15.96689
1.518738,0.3218994,0.9714354,-0.3492431,-5.179882,73.58932,-15.96689
1.520142,0.3218994,0.9714354,-0.3492431,-5.179882,73.58932,-15.96689
1.521698,0.3218994,0.9714354,-0.3492431,-5.179882,73.58932,-15.96689
1.523087,0.3218994,0.9714354,-0.3492431,-5.179882,73.58932,-15.96689
1.524719,0.3218994,0.9714354,-0.3492431,-5.179882,73.58932,-15.96689
1.526535,0.3218994,0.9714354,-0.3492431,-5.179882,73.58932,-15.96689
1.528244,0.3218994,0.9714354,-0.3492431,-5.179882,73.58932,-15.96689
1.529892,0.3218994,0.9714354,-0.3492431,-5.179882,73.58932,-15.96689
1.531738,0.3218994,0.9714354,-0.3492431,-5.179882,73.58932,-15.96689
1.53331,0.3218994,0.9714354,-0.3492431,-5.179882,73.58932,-15.96689
1.535095,0.3218994,0.9714354,-0.3492431,-5.179882,73.58932,-15.96689
1.536667,0.3218994,0.9714354,-0.3492431,-5.179882,73.58932,-15.96689
1.538132,0.3218994,0.9714354,-0.3492431,-5.179882,73.58932,-15.96689
1.539703,0.3218994,0.9714354,-0.3492431,-5.179882,73.58932,-15.96689
1.541718,0.3218994,0.9714354,-0.3492431,-5.179882,73.58932,-15.96689
1.543747,0.3218994,0.9714354,-0.3492431,-5.179882,73.58932,-15.96689
1.545639,0.3218994,0.9714354,-0.3492431,-5.179882,73.58932,-15.96689
1.547256,0.3218994,0.9714354,-0.3492431,-5.179882,73.58932,-15.96689
1.548798,0.3218994,0.9714354,-0.3492431,-5.179882,73.58932,-15.96689
1.55072,0.3218994,0.9714354,-0.3492431,-5.179882,73.58932,-15.96689
1.552597,0.3218994,0.9714354,-0.3492431,-5.179882,73.58932,-15.96689
1.554123,0.3218994,0.9714354,-0.3492431,-5.179882,73.58932,-15.96689
1.555664,0.3218994,0.9714354,-0.3492431,-5.179882,73.58932,-15.96689
1.557602,0.3218994,0.9714354,-0.3492431,-5.179882,73.58932,-15.96689
1.55928,0.3218994,0.9714354,-0.3492431,-5.179882,73.58932,-15.96689
1.56131,0.3082275,0.8415526,-0.3082275,-5.897045,67.68417,-10.80942
1.563065,0.2867431,0.7668456,-0.350708,2.219677,64.02206,-15.95163
1.564941,0.2867431,0.7668456,-0.350708,2.219677,64.02206,-15.95163
1.56636,0.2867431,0.7668456,-0.350708,2.219677,64.02206,-15.95163
1.567795,0.2867431,0.7668456,-0.350708,2.219677,64.02206,-15.95163
1.569336,0.2867431,0.7668456,-0.350708,2.219677,64.02206,-15.95163
1.571075,0.2867431,0.7668456,-0.350708,2.219677,64.02206,-15.95163
1.572433,0.2867431,0.7668456,-0.350708,2.219677,64.02206,-15.95163
1.574203,0.2867431,0.7668456,-0.350708,2.219677,64.02206,-15.95163
1.575729,0.2867431,0.7668456,-0.350708,2.219677,64.02206,-15.95163
1.577515,0.2393799,0.8527831,-0.2984619,2.692699,57.29294,-25.1832
1.57933,0.2393799,0.8527831,-0.2984619,2.692699,57.29294,-25.1832
1.581299,0.2393799,0.8527831,-0.2984619,2.692699,57.29294,-25.1832
1.58313,0.2393799,0.8527831,-0.2984619,2.692699,57.29294,-25.1832
1.58522,0.2393799,0.8527831,-0.2984619,2.692699,57.29294,-25.1832
1.586731,0.2393799,0.8527831,-0.2984619,2.692699,57.29294,-25.1832
1.588181,0.2393799,0.8527831,-0.2984619,2.692699,57.29294,-25.1832
1.589951,0.2393799,0.8527831,-0.2984619,2.692699,57.29294,-25.1832
1.591766,0.2677002,0.9782714,-0.3096924,-3.760815,51.17416,-24.16086
1.593414,0.2677002,0.9782714,-0.3096924,-3.760815,51.17416,-24.16086
1.5952,0.2677002,0.9782714,-0.3096924,-3.760815,51.17416,-24.16086
1.596573,0.2677002,0.9782714,-0.3096924,-3.760815,51.17416,-24.16086
1.598022,0.2677002,0.9782714,-0.3096924,-3.760815,51.17416,-24.16086
1.59938,0.2677002,0.9782714,-0.3096924,-3.760815,51.17416,-24.16086
1.600815,0.2677002,0.9782714,-0.3096924,-3.760815,51.17416,-24.16086
1.602341,0.2677002,0.9782714,-0.3096924,-3.760815,51.17416,-24.16086
1.604141,0.2677002,0.9782714,-0.3096924,-3.760815,51.17416,-24.16086
1.605515,0.2677002,0.9782714,-0.3096924,-3.760815,51.17416,-24.16086
1.606995,0.2677002,0.9782714,-0.3096924,-3.760815,51.17416,-24.16086
1.608582,0.2677002,0.9782714,-0.3096924,-3.760815,51.17416,-24.16086
1.610123,0.2677002,0.9782714,-0.3096924,-3.760815,51.17416,-24.16086
1.61171,0.2677002,0.9782714,-0.3096924,-3.760815,51.17416,-24.16086
1.613144,0.2677002,0.9782714,-0.3096924,-3.760815,51.17416,-24.16086
1.614822,0.2677002,0.9782714,-0.3096924,-3.760815,51.17416,-24.16086
1.616257,0.2677002,0.9782714,-0.3096924,-3.760815,51.17416,-24.16086
1.618057,0.2677002,0.9782714,-0.3096924,-3.760815,51.17416,-24.16086
1.619766,0.2677002,0.9782714,-0.3096924,-3.760815,51.17416,-24.16086
1.621292,0.2677002,0.9782714,-0.3096924,-3.760815,51.17416,-24.16086
1.622971,0.2843017,0.9519042,-0.3262939,-7.300854,59.06296,-9.558201
1.624847,0.2843017,0.9519042,-0.3262939,-7.300854,59.06296,-9.558201
1.626495,0.2843017,0.9519042,-0.3262939,-7.300854,59.06296,-9.558201
1.628143,0.2843017,0.9519042,-0.3262939,-7.300854,59.06296,-9.558201
1.629639,0.2843017,0.9519042,-0.3262939,-7.300854,59.06296,-9.558201
1.631485,0.2843017,0.9519042,-0.3262939,-7.300854,59.06296,-9.558201
1.633316,0.2843017,0.9519042,-0.3262939,-7.300854,59.06296,-9.558201
1.635132,0.2843017,0.9519042,-0.3262939,-7.300854,59.06296,-9.558201
1.637115,0.2843017,0.9519042,-0.3262939,-7.300854,59.06296,-9.558201
1.63916,0.2491455,0.8249511,-0.3526611,-3.989697,70.14084,-3.698826
1.641403,0.2510986,0.8933104,-0.3428955,2.128124,68.29453,-6.384373
1.644089,0.2510986,0.8933104,-0.3428955,2.128124,68.29453,-6.384373
1.646591,0.2510986,0.8933104,-0.3428955,2.128124,68.29453,-6.384373
1.648819,0.2510986,0.8933104,-0.3428955,2.128124,68.29453,-6.384373
1.651428,0.2510986,0.8933104,-0.3428955,2.128124,68.29453,-6.384373
1.653564,0.2510986,0.8933104,-0.3428955,2.128124,68.29453,-6.384373
1.655441,0.2510986,0.8933104,-0.3428955,2.128124,68.29453,-6.384373
1.657211,0.2510986,0.8933104,-0.3428955,2.128124,68.29453,-6.384373
1.659058,0.2510986,0.8933104,-0.3428955,2.128124,68.29453,-6.384373
1.660828,0.2510986,0.8933104,-0.3428955,2.128124,68.29453,-6.384373
1.662643,0.2510986,0.8933104,-0.3428955,2.128124,68.29453,-6.384373
1.664322,0.2510986,0.8933104,-0.3428955,2.128124,68.29453,-6.384373
1.665985,0.2510986,0.8933104,-0.3428955,2.128124,68.29453,-6.384373
1.667816,0.2510986,0.8933104,-0.3428955,2.128124,68.29453,-6.384373
1.669647,0.2510986,0.8933104,-0.3428955,2.128124,68.29453,-6.384373
1.671432,0.2510986,0.8933104,-0.3428955,2.128124,68.29453,-6.384373
1.673294,0.2510986,0.8933104,-0.3428955,2.128124,68.29453,-6.384373
1.675476,0.2510986,0.8933104,-0.3428955,2.128124,68.29453,-6.384373
1.677536,0.2510986,0.8933104,-0.3428955,2.128124,68.29453,-6.384373
1.679459,0.2510986,0.8933104,-0.3428955,2.128124,68.29453,-6.384373
1.681229,0.2510986,0.8933104,-0.3428955,2.128124,68.29453,-6.384373
1.683487,0.2510986,0.8933104,-0.3428955,2.128124,68.29453,-6.384373
1.685745,0.3023681,0.9958495,-0.3511963,5.500317,60.89401,-7.055759
1.687805,0.2730713,0.8547362,-0.2945556,11.11555,61.70273,-16.97397
1.689835,0.2730713,0.8547362,-0.2945556,11.11555,61.70273,-16.97397
1.691833,0.2730713,0.8547362,-0.2945556,11.11555,61.70273,-16.97397
1.693497,0.2730713,0.8547362,-0.2945556,11.11555,61.70273,-16.97397
1.694962,0.2730713,0.8547362,-0.2945556,11.11555,61.70273,-16.97397
1.696503,0.2730713,0.8547362,-0.2945556,11.11555,61.70273,-16.97397
1.698288,0.2730713,0.8547362,-0.2945556,11.11555,61.70273,-16.97397
1.700104,0.2730713,0.8547362,-0.2945556,11.11555,61.70273,-16.97397
1.701721,0.2730713,0.8547362,-0.2945556,11.11555,61.70273,-16.97397
1.703156,0.2730713,0.8547362,-0.2945556,11.11555,61.70273,-16.97397
1.704575,0.2730713,0.8547362,-0.2945556,11.11555,61.70273,-16.97397
1.705978,0.2730713,0.8547362,-0.2945556,11.11555,61.70273,-16.97397
1.707596,0.2730713,0.8547362,-0.2945556,11.11555,61.70273,-16.97397
1.709259,0.2730713,0.8547362,-0.2945556,11.11555,61.70273,-16.97397
1.711075,0.2730713,0.8547362,-0.2945556,11.11555,61.70273,-16.97397
1.712708,0.2730713,0.8547362,-0.2945556,11.11555,61.70273,-16.97397
1.714371,0.2730713,0.8547362,-0.2945556,11.11555,61.70273,-16.97397
1.716385,0.2730713,0.8547362,-0.2945556,11.11555,61.70273,-16.97397
1.718018,0.2730713,0.8547362,-0.2945556,11.11555,61.70273,-16.97397
1.719696,0.2730713,0.8547362,-0.2945556,11.11555,61.70273,-16.97397
1.721222,0.2730713,0.8547362,-0.2945556,11.11555,61.70273,-16.97397
1.722656,0.2730713,0.8547362,-0.2945556,11.11555,61.70273,-16.97397
1.724182,0.2730713,0.8547362,-0.2945556,11.11555,61.70273,-16.97397
1.725784,0.2730713,0.8547362,-0.2945556,11.11555,61.70273,-16.97397
1.727325,0.2730713,0.8547362,-0.2945556,11.11555,61.70273,-16.97397
1.728882,0.2730713,0.8547362,-0.2945556,11.11555,61.70273,-16.97397
1.731094,0.2730713,0.8547362,-0.2945556,11.11555,61.70273,-16.97397
1.73291,0.2730713,0.8547362,-0.2945556,11.11555,61.70273,-16.97397
1.734711,0.2730713,0.8547362,-0.2945556,11.11555,61.70273,-16.97397
1.73671,0.2730713,0.8547362,-0.2945556,11.11555,61.70273,-16.97397
1.73912,0.2730713,0.8547362,-0.2945556,11.11555,61.70273,-16.97397
1.741257,0.2730713,0.8547362,-0.2945556,11.11555,61.70273,-16.97397
1.743423,0.2730713,0.8547362,-0.2945556,11.11555,61.70273,-16.97397
1.745667,0.2730713,0.8547362,-0.2945556,11.11555,61.70273,-16.97397
1.748474,0.3502197,0.9396971,-0.3526611,-7.636547,28.27072,-42.42563
1.751328,0.3687744,1.004639,-0.3687744,-12.64143,15.94162,-43.82944
1.753952,0.3687744,1.004639,-0.3687744,-12.64143,15.94162,-43.82944
1.756302,0.3687744,1.004639,-0.3687744,-12.64143,15.94162,-43.82944
1.75914,0.3687744,1.004639,-0.3687744,-12.64143,15.94162,-43.82944
1.762009,0.3184814,0.9206542,-0.3565674,-7.773876,13.77487,-38.91611
1.76416,0.3184814,0.9206542,-0.3565674,-7.773876,13.77487,-38.91611
1.76619,0.3184814,0.9206542,-0.3565674,-7.773876,13.77487,-38.91611
1.768646,0.3184814,0.9206542,-0.3565674,-7.773876,13.77487,-38.91611
1.770584,0.3184814,0.9206542,-0.3565674,-7.773876,13.77487,-38.91611
1.772583,0.3184814,0.9206542,-0.3565674,-7.773876,13.77487,-38.91611
1.774506,0.3184814,0.9206542,-0.3565674,-7.773876,13.77487,-38.91611
1.776123,0.3184814,0.9206542,-0.3565674,-7.773876,13.77487,-38.91611
1.777939,0.3184814,0.9206542,-0.3565674,-7.773876,13.77487,-38.91611
1.779541,0.3184814,0.9206542,-0.3565674,-7.773876,13.77487,-38.91611
1.781021,0.3184814,0.9206542,-0.3565674,-7.773876,13.77487,-38.91611
1.78241,0.3184814,0.9206542,-0.3565674,-7.773876,13.77487,-38.91611
1.783768,0.3184814,0.9206542,-0.3565674,-7.773876,13.77487,-38.91611
1.785233,0.3184814,0.9206542,-0.3565674,-7.773876,13.77487,-38.91611
1.786697,0.3184814,0.9206542,-0.3565674,-7.773876,13.77487,-38.91611
1.788193,0.3184814,0.9206542,-0.3565674,-7.773876,13.77487,-38.91611
1.790024,0.3184814,0.9206542,-0.3565674,-7.773876,13.77487,-38.91611
1.791626,0.3184814,0.9206542,-0.3565674,-7.773876,13.77487,-38.91611
1.793274,0.3184814,0.9206542,-0.3565674,-7.773876,13.77487,-38.91611
1.79483,0.3184814,0.9206542,-0.3565674,-7.773876,13.77487,-38.91611
1.796341,0.3184814,0.9206542,-0.3565674,-7.773876,13.77487,-38.91611
1.797852,0.3184814,0.9206542,-0.3565674,-7.773876,13.77487,-38.91611
1.799377,0.3184814,0.9206542,-0.3565674,-7.773876,13.77487,-38.91611
1.800949,0.3184814,0.9206542,-0.3565674,-7.773876,13.77487,-38.91611
1.80246,0.3184814,0.9206542,-0.3565674,-7.773876,13.77487,-38.91611
1.803955,0.3184814,0.9206542,-0.3565674,-7.773876,13.77487,-38.91611
1.805466,0.3184814,0.9206542,-0.3565674,-7.773876,13.77487,-38.91611
1.807144,0.3184814,0.9206542,-0.3565674,-7.773876,13.77487,-38.91611
1.809128,0.3028564,0.9230956,-0.3531494,2.280712,21.29745,-28.98264
1.811066,0.3463134,0.9934081,-0.387329,3.409863,39.01291,-9.31406
1.812927,0.4010009,1.037353,-0.3702392,6.705761,53.79868,14.35137
1.814651,0.4010009,1.037353,-0.3702392,6.705761,53.79868,14.35137
1.816528,0.4010009,1.037353,-0.3702392,6.705761,53.79868,14.35137
1.818314,0.4010009,1.037353,-0.3702392,6.705761,53.79868,14.35137
1.820099,0.4010009,1.037353,-0.3702392,6.705761,53.79868,14.35137
1.822052,0.4010009,1.037353,-0.3702392,6.705761,53.79868,14.35137
1.824188,0.4010009,1.037353,-0.3702392,6.705761,53.79868,14.35137
1.82663,0.4010009,1.037353,-0.3702392,6.705761,53.79868,14.35137
1.828506,0.4010009,1.037353,-0.3702392,6.705761,53.79868,14.35137
1.830185,0.4010009,1.037353,-0.3702392,6.705761,53.79868,14.35137
1.831955,0.4010009,1.037353,-0.3702392,6.705761,53.79868,14.35137
1.834076,0.4010009,1.037353,-0.3702392,6.705761,53.79868,14.35137
1.835846,0.4010009,1.037353,-0.3702392,6.705761,53.79868,14.35137
1.837967,0.4010009,1.037353,-0.3702392,6.705761,53.79868,14.35137
1.83989,0.4010009,1.037353,-0.3702392,6.705761,53.79868,14.35137
1.841858,0.4010009,1.037353,-0.3702392,6.705761,53.79868,14.35137
1.844101,0.4010009,1.037353,-0.3702392,6.705761,53.79868,14.35137
1.845947,0.4010009,1.037353,-0.3702392,6.705761,53.79868,14.35137
1.847687,0.4010009,1.037353,-0.3702392,6.705761,53.79868,14.35137
1.849335,0.4010009,1.037353,-0.3702392,6.705761,53.79868,14.35137
1.851166,0.4010009,1.037353,-0.3702392,6.705761,53.79868,14.35137
1.852829,0.4010009,1.037353,-0.3702392,6.705761,53.79868,14.35137
1.854385,0.4010009,1.037353,-0.3702392,6.705761,53.79868,14.35137
1.856247,0.3702392,0.9343261,-0.31604,14.12153,52.68478,29.09136
1.858398,0.3702392,0.9343261,-0.31604,14.12153,52.68478,29.09136
1.860474,0.3702392,0.9343261,-0.31604,14.12153,52.68478,29.09136
1.862564,0.3702392,0.9343261,-0.31604,14.12153,52.68478,29.09136
1.864502,0.3702392,0.9343261,-0.31604,14.12153,52.68478,29.09136
1.866013,0.3702392,0.9343261,-0.31604,14.12153,52.68478,29.09136
1.867737,0.3702392,0.9343261,-0.31604,14.12153,52.68478,29.09136
1.869202,0.3702392,0.9343261,-0.31604,14.12153,52.68478,29.09136
1.870697,0.3702392,0.9343261,-0.31604,14.12153,52.68478,29.09136
1.872543,0.3697509,0.9030761,-0.3204345,10.90193,27.00424,28.35894
1.874527,0.3697509,0.9030761,-0.3204345,10.90193,27.00424,28.35894
1.876495,0.3697509,0.9030761,-0.3204345,10.90193,27.00424,28.35894
1.878632,0.3697509,0.9030761,-0.3204345,10.90193,27.00424,28.35894
1.880325,0.3697509,0.9030761,-0.3204345,10.90193,27.00424,28.35894
1.882004,0.3697509,0.9030761,-0.3204345,10.90193,27.00424,28.35894
1.883698,0.3697509,0.9030761,-0.3204345,10.90193,27.00424,28.35894
1.88559,0.3697509,0.9030761,-0.3204345,10.90193,27.00424,28.35894
1.887299,0.3839111,0.9157714,-0.3443603,5.301952,27.85873,28.52678
1.888916,0.3839111,0.9157714,-0.3443603,5.301952,27.85873,28.52678
1.890549,0.3839111,0.9157714,-0.3443603,5.301952,27.85873,28.52678
1.892441,0.3839111,0.9157714,-0.3443603,5.301952,27.85873,28.52678
1.894012,0.3839111,0.9157714,-0.3443603,5.301952,27.85873,28.52678
1.895874,0.3839111,0.9157714,-0.3443603,5.301952,27.85873,28.52678
1.897644,0.3839111,0.9157714,-0.3443603,5.301952,27.85873,28.52678
1.899155,0.3839111,0.9157714,-0.3443603,5.301952,27.85873,28.52678
1.900665,0.3839111,0.9157714,-0.3443603,5.301952,27.85873,28.52678
1.902115,0.3839111,0.9157714,-0.3443603,5.301952,27.85873,28.52678
1.903824,0.3839111,0.9157714,-0.3443603,5.301952,27.85873,28.52678
1.905701,0.3839111,0.9157714,-0.3443603,5.301952,27.85873,28.52678
1.907516,0.3839111,0.9157714,-0.3443603,5.301952,27.85873,28.52678
1.909195,0.3839111,0.9157714,-0.3443603,5.301952,27.85873,28.52678
1.910645,0.3839111,0.9157714,-0.3443603,5.301952,27.85873,28.52678
1.912155,0.3839111,0.9157714,-0.3443603,5.301952,27.85873,28.52678
1.913864,0.3839111,0.9157714,-0.3443603,5.301952,27.85873,28.52678
1.915558,0.3839111,0.9157714,-0.3443603,5.301952,27.85873,28.52678
1.917221,0.3839111,0.9157714,-0.3443603,5.301952,27.85873,28.52678
1.918701,0.3839111,0.9157714,-0.3443603,5.301952,27.85873,28.52678
1.920334,0.3575439,0.8972167,-0.3614502,9.757519,25.67673,23.12517
1.921844,0.3575439,0.8972167,-0.3614502,9.757519,25.67673,23.12517
1.923264,0.3575439,0.8972167,-0.3614502,9.757519,25.67673,23.12517
1.924759,0.3575439,0.8972167,-0.3614502,9.757519,25.67673,23.12517
1.9263,0.3575439,0.8972167,-0.3614502,9.757519,25.67673,23.12517
1.92778,0.3575439,0.8972167,-0.3614502,9.757519,25.67673,23.12517
1.929184,0.3575439,0.8972167,-0.3614502,9.757519,25.67673,23.12517
1.930573,0.3575439,0.8972167,-0.3614502,9.757519,25.67673,23.12517
1.932037,0.3575439,0.8972167,-0.3614502,9.757519,25.67673,23.12517
1.933777,0.331665,0.7980956,-0.3453369,8.002758,11.33347,8.034229
1.93541,0.331665,0.7980956,-0.3453369,8.002758,11.33347,8.034229
1.937027,0.3682861,0.8142089,-0.3580322,3.913403,-8.898735,0.6489754
1.938828,0.3682861,0.8142089,-0.3580322,3.913403,-8.898735,0.6489754
1.940475,0.3682861,0.8142089,-0.3580322,3.913403,-8.898735,0.6489754
1.942001,0.3682861,0.8142089,-0.3580322,3.913403,-8.898735,0.6489754
1.94342,0.3682861,0.8142089,-0.3580322,3.913403,-8.898735,0.6489754
1.94516,0.3682861,0.8142089,-0.3580322,3.913403,-8.898735,0.6489754
1.946869,0.3682861,0.8142089,-0.3580322,3.913403,-8.898735,0.6489754
1.948532,0.3682861,0.8142089,-0.3580322,3.913403,-8.898735,0.6489754
1.950241,0.3682861,0.8142089,-0.3580322,3.913403,-8.898735,0.6489754
1.951797,0.3682861,0.8142089,-0.3580322,3.913403,-8.898735,0.6489754
1.953354,0.3682861,0.8142089,-0.3580322,3.913403,-8.898735,0.6489754
1.954803,0.3682861,0.8142089,-0.3580322,3.913403,-8.898735,0.6489754
1.956635,0.3682861,0.8142089,-0.3580322,3.913403,-8.898735,0.6489754
1.95813,0.3682861,0.8142089,-0.3580322,3.913403,-8.898735,0.6489754
1.959717,0.3682861,0.8142089,-0.3580322,3.913403,-8.898735,0.6489754
1.961212,0.3682861,0.8142089,-0.3580322,3.913403,-8.898735,0.6489754
1.962769,0.3682861,0.8142089,-0.3580322,3.913403,-8.898735,0.6489754
1.964249,0.3682861,0.8142089,-0.3580322,3.913403,-8.898735,0.6489754
1.965698,0.3682861,0.8142089,-0.3580322,3.913403,-8.898735,0.6489754
1.967148,0.3682861,0.8142089,-0.3580322,3.913403,-8.898735,0.6489754
1.968842,0.3682861,0.8142089,-0.3580322,3.913403,-8.898735,0.6489754
1.970352,0.3682861,0.8142089,-0.3580322,3.913403,-8.898735,0.6489754
1.972122,0.3682861,0.8142089,-0.3580322,3.913403,-8.898735,0.6489754
1.973907,0.3682861,0.8142089,-0.3580322,3.913403,-8.898735,0.6489754
1.975494,0.3682861,0.8142089,-0.3580322,3.913403,-8.898735,0.6489754
1.977249,0.3682861,0.8142089,-0.3580322,3.913403,-8.898735,0.6489754
1.978729,0.3682861,0.8142089,-0.3580322,3.913403,-8.898735,0.6489754
1.980469,0.3682861,0.8142089,-0.3580322,3.913403,-8.898735,0.6489754
1.982513,0.3775634,0.8776854,-0.3609619,-0.6175041,-14.25457,4.707813
1.984558,0.3321533,0.890869,-0.3336181,-5.195141,-2.474785,12.24566
1.986816,0.3321533,0.890869,-0.3336181,-5.195141,-2.474785,12.24566
1.989197,0.3321533,0.890869,-0.3336181,-5.195141,-2.474785,12.24566
1.991684,0.3321533,0.890869,-0.3336181,-5.195141,-2.474785,12.24566
1.993942,0.3321533,0.890869,-0.3336181,-5.195141,-2.474785,12.24566
1.995682,0.3321533,0.890869,-0.3336181,-5.195141,-2.474785,12.24566
1.997391,0.2447509,0.8176268,-0.3189697,-3.715038,2.788544,10.01787
1.998993,0.2447509,0.8176268,-0.3189697,-3.715038,2.788544,10.01787
2.00061,0.2447509,0.8176268,-0.3189697,-3.715038,2.788544,10.01787
2.00209,0.2447509,0.8176268,-0.3189697,-3.715038,2.788544,10.01787
2.003479,0.2447509,0.8176268,-0.3189697,-3.715038,2.788544,10.01787
2.004929,0.2447509,0.8176268,-0.3189697,-3.715038,2.788544,10.01787
2.006668,0.2447509,0.8176268,-0.3189697,-3.715038,2.788544,10.01787
2.008453,0.2447509,0.8176268,-0.3189697,-3.715038,2.788544,10.01787
2.010223,0.2447509,0.8176268,-0.3189697,-3.715038,2.788544,10.01787
2.011612,0.2447509,0.8176268,-0.3189697,-3.715038,2.788544,10.01787
2.013412,0.203247,0.8342284,-0.3370361,-3.013134,-3.283501,-2.401829
2.015366,0.203247,0.8342284,-0.3370361,-3.013134,-3.283501,-2.401829
2.017517,0.203247,0.8342284,-0.3370361,-3.013134,-3.283501,-2.401829
2.019226,0.203247,0.8342284,-0.3370361,-3.013134,-3.283501,-2.401829
2.020966,0.203247,0.8342284,-0.3370361,-3.013134,-3.283501,-2.401829
2.022659,0.203247,0.8342284,-0.3370361,-3.013134,-3.283501,-2.401829
2.024185,0.203247,0.8342284,-0.3370361,-3.013134,-3.283501,-2.401829
2.025848,0.203247,0.8342284,-0.3370361,-3.013134,-3.283501,-2.401829
2.02771,0.203247,0.8342284,-0.3370361,-3.013134,-3.283501,-2.401829
2.029358,0.203247,0.8342284,-0.3370361,-3.013134,-3.283501,-2.401829
2.030914,0.203247,0.8342284,-0.3370361,-3.013134,-3.283501,-2.401829
2.032471,0.203247,0.8342284,-0.3370361,-3.013134,-3.283501,-2.401829
2.034149,0.203247,0.8342284,-0.3370361,-3.013134,-3.283501,-2.401829
2.035614,0.203247,0.8342284,-0.3370361,-3.013134,-3.283501,-2.401829
2.037079,0.203247,0.8342284,-0.3370361,-3.013134,-3.283501,-2.401829
2.038803,0.203247,0.8342284,-0.3370361,-3.013134,-3.283501,-2.401829
2.040283,0.203247,0.8342284,-0.3370361,-3.013134,-3.283501,-2.401829
2.04187,0.203247,0.8342284,-0.3370361,-3.013134,-3.283501,-2.401829
2.043686,0.203247,0.8342284,-0.3370361,-3.013134,-3.283501,-2.401829
2.045288,0.2803955,0.9401854,-0.3341064,-11.93953,-7.052422,-14.02903
2.046906,0.2716064,0.9611815,-0.350708,-20.62178,-9.646416,-13.18979
2.048416,0.2716064,0.9611815,-0.350708,-20.62178,-9.646416,-13.18979
2.050125,0.2716064,0.9611815,-0.350708,-20.62178,-9.646416,-13.18979
2.051605,0.2716064,0.9611815,-0.350708,-20.62178,-9.646416,-13.18979
2.053055,0.2716064,0.9611815,-0.350708,-20.62178,-9.646416,-13.18979
2.054565,0.2716064,0.9611815,-0.350708,-20.62178,-9.646416,-13.18979
2.056381,0.2716064,0.9611815,-0.350708,-20.62178,-9.646416,-13.18979
2.057831,0.2716064,0.9611815,-0.350708,-20.62178,-9.646416,-13.18979
2.059341,0.2716064,0.9611815,-0.350708,-20.62178,-9.646416,-13.18979
